[{"model": "auth.group", "fields": {"name": "admin", "permissions": []}}, {"model": "auth.group", "fields": {"name": "client", "permissions": []}}, {"model": "auth.group", "fields": {"name": "empl", "permissions": []}}, {"model": "auth.group", "fields": {"name": "engineer", "permissions": []}}, {"model": "auth.user", "fields": {"password": "pbkdf2_sha256$320000$46aaSfc2obqDhqzHwLVON7$PLDUL8P/M/VaKq/nGk99NQiaD/KcHPYZY55J5z/2a50=", "last_login": "2022-05-04T05:37:06.585Z", "is_superuser": true, "username": "blezin", "first_name": "Саша", "last_name": "Степанов", "email": "blezin2205@gmail.com", "is_staff": true, "is_active": true, "date_joined": "2022-04-18T20:50:22Z", "groups": [["admin"]], "user_permissions": []}}, {"model": "auth.user", "fields": {"password": "pbkdf2_sha256$320000$pK1tG5Jr5xz8Lo8hkF6QJ9$uB8Z+qSD/hu3cUCEru3cuTW1zMLQCrjpkm0I3T4vzMY=", "last_login": "2022-05-03T19:39:38.252Z", "is_superuser": false, "username": "engyura", "first_name": "Юра", "last_name": "Карпенко", "email": "", "is_staff": false, "is_active": true, "date_joined": "2022-04-25T11:50:57Z", "groups": [["engineer"]], "user_permissions": []}}, {"model": "sessions.session", "pk": "chnekllggj54hiyjmsqllhececcyis2q", "fields": {"session_data": ".eJxVjEEOwiAQRe_C2hCkQMGl-56BDMOMVA1NSrsy3l1JutDte-__l4iwbyXujdY4Z3ERZ3H6ZQnwQbWLfId6WyQudVvnJHsiD9vktGR6Xo_276BAK981W4ABk9XIoJTNI2ozuGSSHb0l0nlACszoLBlmHxwrr6ETlSAgifcHDX85XQ:1niwb3:KfiCghyWEMcBGSY7VlRczIj0de7lCNzXCGBFjGlzzN4", "expire_date": "2022-05-09T11:09:37.007Z"}}, {"model": "sessions.session", "pk": "dz125mjcnc7ya5lpn4pbvp56pd61g1cw", "fields": {"session_data": ".eJxVjMEOwiAQRP-FsyGFAi4evfcbyMIuUjU0Ke3J-O9K0oNmbvPezEsE3LcS9sZrmElchBKn3y5ienDtgO5Yb4tMS93WOcquyIM2OS3Ez-vh_h0UbOW7TkDMyqPO3g09CNrnM44pOSDrkrIRFBskkyNHb0fjhmx9BtZgrRHvD-7FN-s:1nm7hC:8qubUeD6mVtTCkGCYH-wc1-SecAn9OQGN-9qrOdVJjI", "expire_date": "2022-05-18T05:37:06.587Z"}}, {"model": "sessions.session", "pk": "nycy530io4tpkojb5wva52rdfcx5lbly", "fields": {"session_data": ".eJxVjMEOwiAQRP-FsyGFAi4evfcbyMIuUjU0Ke3J-O9K0oNmbvPezEsE3LcS9sZrmElchBKn3y5ienDtgO5Yb4tMS93WOcquyIM2OS3Ez-vh_h0UbOW7TkDMyqPO3g09CNrnM44pOSDrkrIRFBskkyNHb0fjhmx9BtZgrRHvD-7FN-s:1njODV:Rb66ex95SZi3IaM2KzVM3c3W1f7MVuygbq0th14tkGU", "expire_date": "2022-05-10T16:39:09.990Z"}}, {"model": "sessions.session", "pk": "rty53ooxb3rl8d2l6kpw153am26cdjsn", "fields": {"session_data": ".eJxVjMEOwiAQRP-FsyGFAi4evfcbyMIuUjU0Ke3J-O9K0oNmbvPezEsE3LcS9sZrmElchBKn3y5ienDtgO5Yb4tMS93WOcquyIM2OS3Ez-vh_h0UbOW7TkDMyqPO3g09CNrnM44pOSDrkrIRFBskkyNHb0fjhmx9BtZgrRHvD-7FN-s:1nlyUF:kx9tlDsjeKMtKYXi7VqdmW9pDlkHsqLWZGjT0kANFRg", "expire_date": "2022-05-17T19:47:07.249Z"}}, {"model": "sessions.session", "pk": "v48bkn5xna9fpboyksh6uro8yei78wcm", "fields": {"session_data": ".eJxVjMEOwiAQRP-FsyGFAi4evfcbyMIuUjU0Ke3J-O9K0oNmbvPezEsE3LcS9sZrmElchBKn3y5ienDtgO5Yb4tMS93WOcquyIM2OS3Ez-vh_h0UbOW7TkDMyqPO3g09CNrnM44pOSDrkrIRFBskkyNHb0fjhmx9BtZgrRHvD-7FN-s:1njLoj:LCIMOnPyNK6FFR7Ww81pmU077QQA6JOUb56ayeXUJ20", "expire_date": "2022-05-10T14:05:25.888Z"}}, {"model": "supplies.category", "pk": 0, "fields": {"name": "Alegria"}}, {"model": "supplies.category", "pk": 1, "fields": {"name": "EPOC"}}, {"model": "supplies.category", "pk": 2, "fields": {"name": "Immulite"}}, {"model": "supplies.category", "pk": 3, "fields": {"name": "Other"}}, {"model": "supplies.category", "pk": 4, "fields": {"name": "RapidPoint"}}, {"model": "supplies.category", "pk": 5, "fields": {"name": "Service"}}, {"model": "supplies.category", "pk": 6, "fields": {"name": "Биохимия"}}, {"model": "supplies.category", "pk": 7, "fields": {"name": "Гематология"}}, {"model": "supplies.category", "pk": 8, "fields": {"name": "Kоагулометрия"}}, {"model": "supplies.generalsupply", "pk": 1559, "fields": {"name": "Calprotectin", "ref": null, "category": 0}}, {"model": "supplies.generalsupply", "pk": 1560, "fields": {"name": "TruCal U", "ref": null, "category": 6}}, {"model": "supplies.generalsupply", "pk": 1561, "fields": {"name": "T3", "ref": null, "category": 2}}, {"model": "supplies.generalsupply", "pk": 1562, "fields": {"name": "Anti-beta-2-Glycoprotein I IgG", "ref": null, "category": 0}}, {"model": "supplies.generalsupply", "pk": 1563, "fields": {"name": "EPOC Cartridge (упаковка)", "ref": null, "category": 1}}, {"model": "supplies.generalsupply", "pk": 1564, "fields": {"name": "Anti-beta-2-Glycoprotein I IgA", "ref": null, "category": 0}}, {"model": "supplies.generalsupply", "pk": 1565, "fields": {"name": "Albumin in Urine/CSF FS (Microalbumin)", "ref": null, "category": 6}}, {"model": "supplies.generalsupply", "pk": 1566, "fields": {"name": "RUB", "ref": null, "category": 2}}, {"model": "supplies.generalsupply", "pk": 1567, "fields": {"name": "Anti-HSV-1 IgM Abs.", "ref": null, "category": 0}}, {"model": "supplies.generalsupply", "pk": 1568, "fields": {"name": "SHEATH RINSE", "ref": null, "category": 7}}, {"model": "supplies.generalsupply", "pk": 1569, "fields": {"name": "UE3", "ref": null, "category": 2}}, {"model": "supplies.generalsupply", "pk": 1570, "fields": {"name": "ASAT(GPT)FS (IFCC mod.)", "ref": null, "category": 6}}, {"model": "supplies.generalsupply", "pk": 1571, "fields": {"name": "Kaolin Suspension", "ref": null, "category": 8}}, {"model": "supplies.generalsupply", "pk": 1572, "fields": {"name": "ISE Serum Standard Set", "ref": null, "category": 6}}, {"model": "supplies.generalsupply", "pk": 1573, "fields": {"name": "OV", "ref": null, "category": 2}}, {"model": "supplies.generalsupply", "pk": 1574, "fields": {"name": "ANA Detect", "ref": null, "category": 0}}, {"model": "supplies.generalsupply", "pk": 1575, "fields": {"name": "RP Cartridge 100", "ref": null, "category": 4}}, {"model": "supplies.generalsupply", "pk": 1576, "fields": {"name": "Bilirubin Auto Direct FS", "ref": null, "category": 6}}, {"model": "supplies.generalsupply", "pk": 1577, "fields": {"name": "Reagent Probe Wash S", "ref": null, "category": 6}}, {"model": "supplies.generalsupply", "pk": 1578, "fields": {"name": "Reagent Probe Wash 3", "ref": null, "category": 6}}, {"model": "supplies.generalsupply", "pk": 1579, "fields": {"name": "α-Amylase CC FS", "ref": null, "category": 6}}, {"model": "supplies.generalsupply", "pk": 1580, "fields": {"name": "EPOC Cartridge (шт)", "ref": null, "category": 1}}, {"model": "supplies.generalsupply", "pk": 1581, "fields": {"name": "UN", "ref": null, "category": 6}}, {"model": "supplies.generalsupply", "pk": 1582, "fields": {"name": "LSP CAL", "ref": null, "category": 6}}, {"model": "supplies.generalsupply", "pk": 1583, "fields": {"name": "VB", "ref": null, "category": 2}}, {"model": "supplies.generalsupply", "pk": 1584, "fields": {"name": "Bilirubin Auto Total FS", "ref": null, "category": 6}}, {"model": "supplies.generalsupply", "pk": 1585, "fields": {"name": "Lamp Halogen ADVIA 1800", "ref": null, "category": 5}}, {"model": "supplies.generalsupply", "pk": 1586, "fields": {"name": "TES Total Testosterone", "ref": null, "category": 2}}, {"model": "supplies.generalsupply", "pk": 1587, "fields": {"name": "PSA", "ref": null, "category": 2}}, {"model": "supplies.generalsupply", "pk": 1588, "fields": {"name": "ABN1 Control", "ref": null, "category": 7}}, {"model": "supplies.generalsupply", "pk": 1589, "fields": {"name": "Anti-Measles Virus IgG", "ref": null, "category": 0}}, {"model": "supplies.generalsupply", "pk": 1590, "fields": {"name": "F3 Free T3", "ref": null, "category": 2}}, {"model": "supplies.generalsupply", "pk": 1591, "fields": {"name": "PEP", "ref": null, "category": 2}}, {"model": "supplies.generalsupply", "pk": 1592, "fields": {"name": "Cholesterol FS", "ref": null, "category": 6}}, {"model": "supplies.generalsupply", "pk": 1593, "fields": {"name": "TruLab Chemistry N+P", "ref": null, "category": 6}}, {"model": "supplies.generalsupply", "pk": 1594, "fields": {"name": "PRL", "ref": null, "category": 2}}, {"model": "supplies.generalsupply", "pk": 1595, "fields": {"name": "TruCal ASO", "ref": null, "category": 6}}, {"model": "supplies.generalsupply", "pk": 1596, "fields": {"name": "ABX Lisebio", "ref": null, "category": 7}}, {"model": "supplies.generalsupply", "pk": 1597, "fields": {"name": "RP Cartridge 750", "ref": null, "category": 4}}, {"model": "supplies.generalsupply", "pk": 1598, "fields": {"name": "Uric acid FS TOOS", "ref": null, "category": 6}}, {"model": "supplies.generalsupply", "pk": 1599, "fields": {"name": "Gamma-GT FS", "ref": null, "category": 6}}, {"model": "supplies.generalsupply", "pk": 1600, "fields": {"name": "ISE Buffer", "ref": null, "category": 6}}, {"model": "supplies.generalsupply", "pk": 1601, "fields": {"name": "LH", "ref": null, "category": 2}}, {"model": "supplies.generalsupply", "pk": 1602, "fields": {"name": "ABX Difftrol (упаковка)", "ref": null, "category": 7}}, {"model": "supplies.generalsupply", "pk": 1603, "fields": {"name": "MG (Magnesium Reagents)", "ref": null, "category": 6}}, {"model": "supplies.generalsupply", "pk": 1604, "fields": {"name": "Anti-Measales Virus IgM Abs.", "ref": null, "category": 0}}, {"model": "supplies.generalsupply", "pk": 1605, "fields": {"name": "CAL", "ref": null, "category": 2}}, {"model": "supplies.generalsupply", "pk": 1606, "fields": {"name": "FER Ferritin", "ref": null, "category": 2}}, {"model": "supplies.generalsupply", "pk": 1607, "fields": {"name": "DMX LAB urine control lev 1+2", "ref": null, "category": 6}}, {"model": "supplies.generalsupply", "pk": 1608, "fields": {"name": "T3 Total T3", "ref": null, "category": 2}}, {"model": "supplies.generalsupply", "pk": 1609, "fields": {"name": "BRM", "ref": null, "category": 2}}, {"model": "supplies.generalsupply", "pk": 1610, "fields": {"name": "RUM", "ref": null, "category": 2}}, {"model": "supplies.generalsupply", "pk": 1611, "fields": {"name": "Alegria Negative Control", "ref": null, "category": 0}}, {"model": "supplies.generalsupply", "pk": 1612, "fields": {"name": "TG", "ref": null, "category": 2}}, {"model": "supplies.generalsupply", "pk": 1613, "fields": {"name": "25-OH Vitamin D3/D2", "ref": null, "category": 0}}, {"model": "supplies.generalsupply", "pk": 1614, "fields": {"name": "PRL Prolactin", "ref": null, "category": 2}}, {"model": "supplies.generalsupply", "pk": 1615, "fields": {"name": "Cuvette Wash Solution", "ref": null, "category": 6}}, {"model": "supplies.generalsupply", "pk": 1616, "fields": {"name": "NORM Control", "ref": null, "category": 7}}, {"model": "supplies.generalsupply", "pk": 1617, "fields": {"name": "Calcium P FS", "ref": null, "category": 6}}, {"model": "supplies.generalsupply", "pk": 1618, "fields": {"name": "Anti-Tissue Transglutaminase IgA", "ref": null, "category": 0}}, {"model": "supplies.generalsupply", "pk": 1619, "fields": {"name": "TIE Control", "ref": null, "category": 2}}, {"model": "supplies.generalsupply", "pk": 1620, "fields": {"name": "TAD Control", "ref": null, "category": 2}}, {"model": "supplies.generalsupply", "pk": 1621, "fields": {"name": "ATG", "ref": null, "category": 2}}, {"model": "supplies.generalsupply", "pk": 1622, "fields": {"name": "CRP FS", "ref": null, "category": 6}}, {"model": "supplies.generalsupply", "pk": 1623, "fields": {"name": "Anti-EBV (ZEBRA) IgM", "ref": null, "category": 0}}, {"model": "supplies.generalsupply", "pk": 1624, "fields": {"name": "EPOC Martel Принтер", "ref": null, "category": 1}}, {"model": "supplies.generalsupply", "pk": 1625, "fields": {"name": "Lipase DC FS", "ref": null, "category": 6}}, {"model": "supplies.generalsupply", "pk": 1626, "fields": {"name": "Fibrinogen Calibrator kit", "ref": null, "category": 8}}, {"model": "supplies.generalsupply", "pk": 1627, "fields": {"name": "TruCal Protein", "ref": null, "category": 6}}, {"model": "supplies.generalsupply", "pk": 1628, "fields": {"name": "ACT Control", "ref": null, "category": 2}}, {"model": "supplies.generalsupply", "pk": 1629, "fields": {"name": "Glucose Hexokinase FS", "ref": null, "category": 6}}, {"model": "supplies.generalsupply", "pk": 1630, "fields": {"name": "TruLab Albumin U/CSF Level 2", "ref": null, "category": 6}}, {"model": "supplies.generalsupply", "pk": 1631, "fields": {"name": "Anti-Tissue Transglutaminase IgG", "ref": null, "category": 0}}, {"model": "supplies.generalsupply", "pk": 1632, "fields": {"name": "TXP\nToxoplasma\nQuantitative IgG", "ref": null, "category": 0}}, {"model": "supplies.generalsupply", "pk": 1633, "fields": {"name": "TG DIL", "ref": null, "category": 2}}, {"model": "supplies.generalsupply", "pk": 1634, "fields": {"name": "HCG", "ref": null, "category": 2}}, {"model": "supplies.generalsupply", "pk": 1635, "fields": {"name": "Creatinine FS", "ref": null, "category": 6}}, {"model": "supplies.generalsupply", "pk": 1636, "fields": {"name": "ALAT(GPT)FS (IFCC mod.)", "ref": null, "category": 6}}, {"model": "supplies.generalsupply", "pk": 1638, "fields": {"name": "Calcium FS", "ref": null, "category": 6}}, {"model": "supplies.generalsupply", "pk": 1639, "fields": {"name": "HCG DIL", "ref": null, "category": 2}}, {"model": "supplies.generalsupply", "pk": 1640, "fields": {"name": "RP Cartridge 250", "ref": null, "category": 4}}, {"model": "supplies.generalsupply", "pk": 1642, "fields": {"name": "Albumin FS", "ref": null, "category": 6}}, {"model": "supplies.generalsupply", "pk": 1643, "fields": {"name": "GRH\nGrowth Hormone\n(Recombinant 98/574)", "ref": null, "category": 2}}, {"model": "supplies.generalsupply", "pk": 1644, "fields": {"name": "E2", "ref": null, "category": 2}}, {"model": "supplies.generalsupply", "pk": 1645, "fields": {"name": "UA (Uric Acid Reagents)", "ref": null, "category": 6}}, {"model": "supplies.generalsupply", "pk": 1646, "fields": {"name": "Anti-Gladian IgA", "ref": null, "category": 0}}, {"model": "supplies.generalsupply", "pk": 1647, "fields": {"name": "AF (AFP)", "ref": null, "category": 2}}, {"model": "supplies.generalsupply", "pk": 1648, "fields": {"name": "IP (Inorganic Phosphorus Reagents)", "ref": null, "category": 6}}, {"model": "supplies.generalsupply", "pk": 1649, "fields": {"name": "DmxLab Bi-Level Serum Proteins Control", "ref": null, "category": 6}}, {"model": "supplies.generalsupply", "pk": 1650, "fields": {"name": "Шприцы (лабикс) шт.", "ref": null, "category": 3}}, {"model": "supplies.generalsupply", "pk": 1651, "fields": {"name": "TruCal Lipid", "ref": null, "category": 6}}, {"model": "supplies.generalsupply", "pk": 1652, "fields": {"name": "Multifibren U", "ref": null, "category": 8}}, {"model": "supplies.generalsupply", "pk": 1653, "fields": {"name": "TXP", "ref": null, "category": 2}}, {"model": "supplies.generalsupply", "pk": 1655, "fields": {"name": "RUM\nRubella IgM", "ref": null, "category": 2}}, {"model": "supplies.generalsupply", "pk": 1656, "fields": {"name": "PRG\nProgesterone", "ref": null, "category": 2}}, {"model": "supplies.generalsupply", "pk": 1657, "fields": {"name": "EPOC Прибор", "ref": null, "category": 1}}, {"model": "supplies.generalsupply", "pk": 1659, "fields": {"name": "Purolite MB400", "ref": null, "category": 5}}, {"model": "supplies.generalsupply", "pk": 1660, "fields": {"name": "PRL DIL", "ref": null, "category": 2}}, {"model": "supplies.generalsupply", "pk": 1661, "fields": {"name": "LDH FS IFCC", "ref": null, "category": 6}}, {"model": "supplies.generalsupply", "pk": 1662, "fields": {"name": "TruCal CRP", "ref": null, "category": 6}}, {"model": "supplies.generalsupply", "pk": 1663, "fields": {"name": "Anti-Measles Virus IgM Abs.", "ref": null, "category": 0}}, {"model": "supplies.generalsupply", "pk": 1664, "fields": {"name": "Thromborel S", "ref": null, "category": 8}}, {"model": "supplies.generalsupply", "pk": 1665, "fields": {"name": "TG (Thyroglobulin) Control", "ref": null, "category": 2}}, {"model": "supplies.generalsupply", "pk": 1666, "fields": {"name": "DDI\nD-Dimer", "ref": null, "category": 2}}, {"model": "supplies.generalsupply", "pk": 1667, "fields": {"name": "TruCal Albumin U/CSF", "ref": null, "category": 6}}, {"model": "supplies.generalsupply", "pk": 1668, "fields": {"name": "Defoamer", "ref": null, "category": 7}}, {"model": "supplies.generalsupply", "pk": 1669, "fields": {"name": "Шприцы (Трансмед) шт.", "ref": null, "category": 3}}, {"model": "supplies.generalsupply", "pk": 1670, "fields": {"name": "Anti-HSV-1/2 IgM Abs.", "ref": null, "category": 0}}, {"model": "supplies.generalsupply", "pk": 1671, "fields": {"name": "DDI Control", "ref": null, "category": 2}}, {"model": "supplies.generalsupply", "pk": 1672, "fields": {"name": "RF", "ref": null, "category": 6}}, {"model": "supplies.generalsupply", "pk": 1674, "fields": {"name": "TruLab Albumin U/CSF Level 1", "ref": null, "category": 6}}, {"model": "supplies.generalsupply", "pk": 1675, "fields": {"name": "DDI", "ref": null, "category": 2}}, {"model": "supplies.generalsupply", "pk": 1676, "fields": {"name": "TXU", "ref": null, "category": 2}}, {"model": "supplies.generalsupply", "pk": 1677, "fields": {"name": "wr CRP", "ref": null, "category": 6}}, {"model": "supplies.generalsupply", "pk": 1678, "fields": {"name": "HPG", "ref": null, "category": 2}}, {"model": "supplies.generalsupply", "pk": 1679, "fields": {"name": "TIE", "ref": null, "category": 2}}, {"model": "supplies.generalsupply", "pk": 1680, "fields": {"name": "PAA", "ref": null, "category": 2}}, {"model": "supplies.generalsupply", "pk": 1681, "fields": {"name": "TrLab Chemistry N+P", "ref": null, "category": 6}}, {"model": "supplies.generalsupply", "pk": 1682, "fields": {"name": "Flash Routine solution", "ref": null, "category": 0}}, {"model": "supplies.generalsupply", "pk": 1683, "fields": {"name": "Immunoglobulin M FS", "ref": null, "category": 6}}, {"model": "supplies.generalsupply", "pk": 1684, "fields": {"name": "Anti-HSV-1 IgG", "ref": null, "category": 0}}, {"model": "supplies.generalsupply", "pk": 1685, "fields": {"name": "Cuvette Conditioner", "ref": null, "category": 6}}, {"model": "supplies.generalsupply", "pk": 1686, "fields": {"name": "EZ WASH", "ref": null, "category": 7}}, {"model": "supplies.generalsupply", "pk": 1687, "fields": {"name": "GIM\nGI-MA (CA19-9)", "ref": null, "category": 2}}, {"model": "supplies.generalsupply", "pk": 1688, "fields": {"name": "Резинки для каппиляров", "ref": null, "category": 4}}, {"model": "supplies.generalsupply", "pk": 1689, "fields": {"name": "COR", "ref": null, "category": 2}}, {"model": "supplies.generalsupply", "pk": 1690, "fields": {"name": "FT3", "ref": null, "category": 2}}, {"model": "supplies.generalsupply", "pk": 1691, "fields": {"name": "Control Plasma N", "ref": null, "category": 8}}, {"model": "supplies.generalsupply", "pk": 1692, "fields": {"name": "ACTH", "ref": null, "category": 2}}, {"model": "supplies.generalsupply", "pk": 1693, "fields": {"name": "ABX Eosinofix", "ref": null, "category": 7}}, {"model": "supplies.generalsupply", "pk": 1694, "fields": {"name": "ABX Basolyse II", "ref": null, "category": 7}}, {"model": "supplies.generalsupply", "pk": 1695, "fields": {"name": "Probe Cleaning Kit", "ref": null, "category": 2}}, {"model": "supplies.generalsupply", "pk": 1696, "fields": {"name": "CVG", "ref": null, "category": 2}}, {"model": "supplies.generalsupply", "pk": 1697, "fields": {"name": "ATA", "ref": null, "category": 2}}, {"model": "supplies.generalsupply", "pk": 1698, "fields": {"name": "FSH", "ref": null, "category": 2}}, {"model": "supplies.generalsupply", "pk": 1700, "fields": {"name": "Multistix 10SG", "ref": null, "category": 3}}, {"model": "supplies.generalsupply", "pk": 1701, "fields": {"name": "Triglycerides FS", "ref": null, "category": 6}}, {"model": "supplies.generalsupply", "pk": 1702, "fields": {"name": "ALAT (GPT) FS (IFCC mod.)", "ref": null, "category": 6}}, {"model": "supplies.generalsupply", "pk": 1703, "fields": {"name": "Alegria Positive Control", "ref": null, "category": 0}}, {"model": "supplies.generalsupply", "pk": 1704, "fields": {"name": "ABX Cleaner", "ref": null, "category": 7}}, {"model": "supplies.generalsupply", "pk": 1705, "fields": {"name": "Lamp Coolant Additive", "ref": null, "category": 6}}, {"model": "supplies.generalsupply", "pk": 1706, "fields": {"name": "FOL", "ref": null, "category": 2}}, {"model": "supplies.generalsupply", "pk": 1707, "fields": {"name": "Anti-Gladian IgG", "ref": null, "category": 0}}, {"model": "supplies.generalsupply", "pk": 1708, "fields": {"name": "HPG H.pylori IgG", "ref": null, "category": 2}}, {"model": "supplies.generalsupply", "pk": 1709, "fields": {"name": "Total protein FS", "ref": null, "category": 6}}, {"model": "supplies.generalsupply", "pk": 1711, "fields": {"name": "ATG\nAnti-TG Ab\n(Anti-Thyroglobulin Ab)", "ref": null, "category": 2}}, {"model": "supplies.generalsupply", "pk": 1712, "fields": {"name": "CEA", "ref": null, "category": 2}}, {"model": "supplies.generalsupply", "pk": 1713, "fields": {"name": "TT4 Total T4", "ref": null, "category": 2}}, {"model": "supplies.generalsupply", "pk": 1714, "fields": {"name": "Probe wash module", "ref": null, "category": 2}}, {"model": "supplies.generalsupply", "pk": 1715, "fields": {"name": "Antistreptolysin O FS", "ref": null, "category": 6}}, {"model": "supplies.generalsupply", "pk": 1716, "fields": {"name": "A1c_E", "ref": null, "category": 6}}, {"model": "supplies.generalsupply", "pk": 1717, "fields": {"name": "Transferrin FS", "ref": null, "category": 6}}, {"model": "supplies.generalsupply", "pk": 1719, "fields": {"name": "HDL-c direct FS", "ref": null, "category": 6}}, {"model": "supplies.generalsupply", "pk": 1720, "fields": {"name": "Anti-Chlamydia trachomatis IgM Abs.", "ref": null, "category": 0}}, {"model": "supplies.generalsupply", "pk": 1721, "fields": {"name": "Anti-C1q", "ref": null, "category": 0}}, {"model": "supplies.generalsupply", "pk": 1722, "fields": {"name": "Calcium Chloride Solution", "ref": null, "category": 0}}, {"model": "supplies.generalsupply", "pk": 1723, "fields": {"name": "SUBS", "ref": null, "category": 2}}, {"model": "supplies.generalsupply", "pk": 1724, "fields": {"name": "TT4", "ref": null, "category": 2}}, {"model": "supplies.generalsupply", "pk": 1725, "fields": {"name": "FBC Free Beta HCG Control", "ref": null, "category": 2}}, {"model": "supplies.generalsupply", "pk": 1726, "fields": {"name": "Anti-HSV-2 IgG", "ref": null, "category": 0}}, {"model": "supplies.generalsupply", "pk": 1727, "fields": {"name": "ABX Diluent", "ref": null, "category": 7}}, {"model": "supplies.generalsupply", "pk": 1728, "fields": {"name": "COR Cortisol", "ref": null, "category": 2}}, {"model": "supplies.generalsupply", "pk": 1729, "fields": {"name": "Iron FS Ference", "ref": null, "category": 6}}, {"model": "supplies.generalsupply", "pk": 1730, "fields": {"name": "Antistreptolysin FS", "ref": null, "category": 6}}, {"model": "supplies.generalsupply", "pk": 1731, "fields": {"name": "UIBC FS", "ref": null, "category": 6}}, {"model": "supplies.generalsupply", "pk": 1733, "fields": {"name": "PAA Control", "ref": null, "category": 2}}, {"model": "supplies.generalsupply", "pk": 1734, "fields": {"name": "Anti-dsDNA Screen", "ref": null, "category": 0}}, {"model": "supplies.generalsupply", "pk": 1735, "fields": {"name": "TSH Third Generation TSH", "ref": null, "category": 2}}, {"model": "supplies.generalsupply", "pk": 1736, "fields": {"name": "CMM", "ref": null, "category": 2}}, {"model": "supplies.generalsupply", "pk": 1737, "fields": {"name": "ABN2 Control", "ref": null, "category": 7}}, {"model": "supplies.generalsupply", "pk": 1738, "fields": {"name": "RUB Rubella Quantitative IgG", "ref": null, "category": 2}}, {"model": "supplies.generalsupply", "pk": 1739, "fields": {"name": "Total Protein UC Standard FS", "ref": null, "category": 6}}, {"model": "supplies.generalsupply", "pk": 1740, "fields": {"name": "Reagent Probe Wash 1", "ref": null, "category": 6}}, {"model": "supplies.generalsupply", "pk": 1741, "fields": {"name": "CBC TIMEPAC", "ref": null, "category": 7}}, {"model": "supplies.generalsupply", "pk": 1742, "fields": {"name": "CRP_2 CAL", "ref": null, "category": 6}}, {"model": "supplies.generalsupply", "pk": 1743, "fields": {"name": "CHOL_2", "ref": null, "category": 6}}, {"model": "supplies.generalsupply", "pk": 1744, "fields": {"name": "Reagent Probe Wash 2", "ref": null, "category": 6}}, {"model": "supplies.generalsupply", "pk": 1745, "fields": {"name": "ISE Detergent Solution", "ref": null, "category": 6}}, {"model": "supplies.generalsupply", "pk": 1746, "fields": {"name": "TruLab Urine Level 1+2", "ref": null, "category": 6}}, {"model": "supplies.generalsupply", "pk": 1747, "fields": {"name": "CMM\nCMV IgM", "ref": null, "category": 2}}, {"model": "supplies.generalsupply", "pk": 1748, "fields": {"name": "PEROX SHEATH", "ref": null, "category": 7}}, {"model": "supplies.generalsupply", "pk": 1749, "fields": {"name": "TSH DIL", "ref": null, "category": 2}}, {"model": "supplies.generalsupply", "pk": 1751, "fields": {"name": "Immunoglobulin G FS", "ref": null, "category": 6}}, {"model": "supplies.generalsupply", "pk": 1752, "fields": {"name": "Капилляры", "ref": null, "category": 4}}, {"model": "supplies.generalsupply", "pk": 1753, "fields": {"name": "FBC", "ref": null, "category": 2}}, {"model": "supplies.generalsupply", "pk": 1754, "fields": {"name": "Fluorinet FC-43", "ref": null, "category": 6}}, {"model": "supplies.generalsupply", "pk": 1756, "fields": {"name": "TXU\nToxoplasma IM (u-Capture)", "ref": null, "category": 2}}, {"model": "supplies.generalsupply", "pk": 1757, "fields": {"name": "CO2 scrubber kit", "ref": null, "category": 2}}, {"model": "supplies.generalsupply", "pk": 1758, "fields": {"name": "MD1 DIL", "ref": null, "category": 2}}, {"model": "supplies.generalsupply", "pk": 1760, "fields": {"name": "Immunoglobulin A FS", "ref": null, "category": 6}}, {"model": "supplies.generalsupply", "pk": 1762, "fields": {"name": "AMA-M2", "ref": null, "category": 0}}, {"model": "supplies.generalsupply", "pk": 1763, "fields": {"name": "F4 Free T4", "ref": null, "category": 2}}, {"model": "supplies.generalsupply", "pk": 1765, "fields": {"name": "FER Ferritin Control", "ref": null, "category": 2}}, {"model": "supplies.generalsupply", "pk": 1766, "fields": {"name": "RP Cartridge Clean (шт)", "ref": null, "category": 4}}, {"model": "supplies.generalsupply", "pk": 1767, "fields": {"name": "ASAT (GPT) FS (IFCC mod.)", "ref": null, "category": 6}}, {"model": "supplies.generalsupply", "pk": 1768, "fields": {"name": "Bilirubin ￼Auto Direct FS", "ref": null, "category": 6}}, {"model": "supplies.generalsupply", "pk": 1769, "fields": {"name": "Reaction tubes", "ref": null, "category": 2}}, {"model": "supplies.generalsupply", "pk": 1771, "fields": {"name": "Diluent Tubes", "ref": null, "category": 2}}, {"model": "supplies.generalsupply", "pk": 1772, "fields": {"name": "fPS\nFree PSA", "ref": null, "category": 2}}, {"model": "supplies.generalsupply", "pk": 1773, "fields": {"name": "ACT", "ref": null, "category": 2}}, {"model": "supplies.generalsupply", "pk": 1774, "fields": {"name": "TG\nThyroglobulin", "ref": null, "category": 2}}, {"model": "supplies.generalsupply", "pk": 1775, "fields": {"name": "HDL/LDL CHOL CAL", "ref": null, "category": 6}}, {"model": "supplies.generalsupply", "pk": 1776, "fields": {"name": "BRM\nBR-MA(CA15-3)", "ref": null, "category": 2}}, {"model": "supplies.generalsupply", "pk": 1777, "fields": {"name": "Anti-Chlamydia trachomatis IgG", "ref": null, "category": 0}}, {"model": "supplies.generalsupply", "pk": 1778, "fields": {"name": "Anti-CSS has", "ref": null, "category": 0}}, {"model": "supplies.generalsupply", "pk": 1779, "fields": {"name": "Cuvete BFII", "ref": null, "category": 8}}, {"model": "supplies.generalsupply", "pk": 1780, "fields": {"name": "DIFF TIMEPAC", "ref": null, "category": 7}}, {"model": "supplies.generalsupply", "pk": 1781, "fields": {"name": "GIM", "ref": null, "category": 2}}, {"model": "supplies.generalsupply", "pk": 1782, "fields": {"name": "OV DIL", "ref": null, "category": 2}}, {"model": "supplies.generalsupply", "pk": 1783, "fields": {"name": "PAA\nPAPP-A", "ref": null, "category": 2}}, {"model": "supplies.generalsupply", "pk": 1784, "fields": {"name": "Alkaline phosphatase FS IFCC 37°C", "ref": null, "category": 6}}, {"model": "supplies.generalsupply", "pk": 1785, "fields": {"name": "fPS", "ref": null, "category": 2}}, {"model": "supplies.generalsupply", "pk": 1786, "fields": {"name": "DCA Systems Microalbumin/Createnine", "ref": null, "category": 6}}, {"model": "supplies.generalsupply", "pk": 1787, "fields": {"name": "INS", "ref": null, "category": 2}}, {"model": "supplies.generalsupply", "pk": 1788, "fields": {"name": "PT-Multi Calibrator", "ref": null, "category": 8}}, {"model": "supplies.generalsupply", "pk": 1790, "fields": {"name": "Magnesium XL FS", "ref": null, "category": 6}}, {"model": "supplies.generalsupply", "pk": 1791, "fields": {"name": "TES", "ref": null, "category": 2}}, {"model": "supplies.generalsupply", "pk": 1792, "fields": {"name": "GRH", "ref": null, "category": 2}}, {"model": "supplies.generalsupply", "pk": 1793, "fields": {"name": "ATA\nAnti-TPO Ab", "ref": null, "category": 2}}, {"model": "supplies.generalsupply", "pk": 1794, "fields": {"name": "Alkaline phosphatase FS IFCC", "ref": null, "category": 6}}, {"model": "supplies.generalsupply", "pk": 1795, "fields": {"name": "Actin FS", "ref": null, "category": 8}}, {"model": "supplies.generalsupply", "pk": 1796, "fields": {"name": "FER Control", "ref": null, "category": 2}}, {"model": "supplies.generalsupply", "pk": 1797, "fields": {"name": "Anti-CCP hs", "ref": null, "category": 0}}, {"model": "supplies.generalsupply", "pk": 1798, "fields": {"name": "Gamma-GT FS (Szasz mod./IFCC stand.)", "ref": null, "category": 6}}, {"model": "supplies.generalsupply", "pk": 1799, "fields": {"name": "A1c_3 Calibrator", "ref": null, "category": 6}}, {"model": "supplies.generalsupply", "pk": 1800, "fields": {"name": "Control Plasma P", "ref": null, "category": 8}}, {"model": "supplies.generalsupply", "pk": 1801, "fields": {"name": "Anti-EBV (VCA) IgG", "ref": null, "category": 0}}, {"model": "supplies.generalsupply", "pk": 1802, "fields": {"name": "FVB DIL", "ref": null, "category": 2}}, {"model": "supplies.generalsupply", "pk": 1803, "fields": {"name": "ACT (ACTH) Control", "ref": null, "category": 2}}, {"model": "supplies.generalsupply", "pk": 1806, "fields": {"name": "TEST SUPPLY DATA pupa updated", "ref": "4545", "category": 4}}, {"model": "supplies.generalsupply", "pk": 1807, "fields": {"name": "1111", "ref": "1111", "category": 0}}, {"model": "supplies.supply", "pk": 1081, "fields": {"name": "Calprotectin", "general_supply": 1559, "category": 0, "ref": null, "supplyLot": "2113502", "count": 1, "countOnHold": null, "dateCreated": "2021-12-01", "expiredDate": "2022-12-12"}}, {"model": "supplies.supply", "pk": 1082, "fields": {"name": "TruCal U", "general_supply": 1560, "category": 6, "ref": null, "supplyLot": "31293", "count": 1, "countOnHold": null, "dateCreated": "2022-02-17", "expiredDate": "2023-04-30"}}, {"model": "supplies.supply", "pk": 1083, "fields": {"name": "T3", "general_supply": 1561, "category": 2, "ref": null, "supplyLot": "421", "count": 2, "countOnHold": null, "dateCreated": "2021-12-01", "expiredDate": "2021-11-30"}}, {"model": "supplies.supply", "pk": 1084, "fields": {"name": "Anti-beta-2-Glycoprotein I IgG", "general_supply": 1562, "category": 0, "ref": null, "supplyLot": "2101243", "count": 1, "countOnHold": null, "dateCreated": "2021-12-01", "expiredDate": "2022-05-04"}}, {"model": "supplies.supply", "pk": 1085, "fields": {"name": "EPOC Cartridge (упаковка)", "general_supply": 1563, "category": 1, "ref": null, "supplyLot": "11-21252-20", "count": 2, "countOnHold": null, "dateCreated": "2022-01-19", "expiredDate": "2022-02-24"}}, {"model": "supplies.supply", "pk": 1086, "fields": {"name": "Anti-beta-2-Glycoprotein I IgA", "general_supply": 1564, "category": 0, "ref": null, "supplyLot": "2018839", "count": 2, "countOnHold": null, "dateCreated": "2021-12-01", "expiredDate": "2022-04-03"}}, {"model": "supplies.supply", "pk": 1087, "fields": {"name": "Albumin in Urine/CSF FS (Microalbumin)", "general_supply": 1565, "category": 6, "ref": null, "supplyLot": "60145418", "count": 2, "countOnHold": null, "dateCreated": "2021-12-01", "expiredDate": "2023-04-16"}}, {"model": "supplies.supply", "pk": 1088, "fields": {"name": "RUB", "general_supply": 1566, "category": 2, "ref": null, "supplyLot": "508", "count": 2, "countOnHold": null, "dateCreated": "2021-12-01", "expiredDate": "2021-11-30"}}, {"model": "supplies.supply", "pk": 1089, "fields": {"name": "Anti-HSV-1 IgM Abs.", "general_supply": 1567, "category": 0, "ref": null, "supplyLot": "2010576", "count": 1, "countOnHold": null, "dateCreated": "2021-12-01", "expiredDate": "2021-11-11"}}, {"model": "supplies.supply", "pk": 1091, "fields": {"name": "UE3", "general_supply": 1569, "category": 2, "ref": null, "supplyLot": "477", "count": 2, "countOnHold": null, "dateCreated": "2021-12-01", "expiredDate": "2021-09-30"}}, {"model": "supplies.supply", "pk": 1092, "fields": {"name": "ASAT(GPT)FS (IFCC mod.)", "general_supply": 1570, "category": 6, "ref": null, "supplyLot": "60139393", "count": 1, "countOnHold": null, "dateCreated": "2021-12-01", "expiredDate": "2021-06-08"}}, {"model": "supplies.supply", "pk": 1094, "fields": {"name": "ISE Serum Standard Set", "general_supply": 1572, "category": 6, "ref": null, "supplyLot": "HS029AA", "count": 3, "countOnHold": null, "dateCreated": "2021-12-22", "expiredDate": "2021-10-31"}}, {"model": "supplies.supply", "pk": 1096, "fields": {"name": "ANA Detect", "general_supply": 1574, "category": 0, "ref": null, "supplyLot": "2019596", "count": 1, "countOnHold": null, "dateCreated": "2021-12-01", "expiredDate": "2022-04-20"}}, {"model": "supplies.supply", "pk": 1097, "fields": {"name": "RP Cartridge 100", "general_supply": 1575, "category": 4, "ref": null, "supplyLot": "", "count": 4, "countOnHold": null, "dateCreated": "2021-12-01", "expiredDate": "2021-09-10"}}, {"model": "supplies.supply", "pk": 1098, "fields": {"name": "Bilirubin Auto Direct FS", "general_supply": 1576, "category": 6, "ref": null, "supplyLot": "60147633", "count": 1, "countOnHold": null, "dateCreated": "2021-12-01", "expiredDate": "2022-10-22"}}, {"model": "supplies.supply", "pk": 1099, "fields": {"name": "RP Cartridge 100", "general_supply": 1575, "category": 4, "ref": null, "supplyLot": "", "count": 1, "countOnHold": null, "dateCreated": "2022-01-14", "expiredDate": "2021-11-02"}}, {"model": "supplies.supply", "pk": 1100, "fields": {"name": "Reagent Probe Wash S", "general_supply": 1577, "category": 6, "ref": null, "supplyLot": "727002", "count": 1, "countOnHold": null, "dateCreated": "2021-12-22", "expiredDate": "2021-07-31"}}, {"model": "supplies.supply", "pk": 1101, "fields": {"name": "Reagent Probe Wash 3", "general_supply": 1578, "category": 6, "ref": null, "supplyLot": "20092816", "count": 3, "countOnHold": null, "dateCreated": "2021-12-22", "expiredDate": "2021-09-27"}}, {"model": "supplies.supply", "pk": 1102, "fields": {"name": "α-Amylase CC FS", "general_supply": 1579, "category": 6, "ref": null, "supplyLot": "60150000", "count": 1, "countOnHold": null, "dateCreated": "2022-01-20", "expiredDate": "2023-06-04"}}, {"model": "supplies.supply", "pk": 1104, "fields": {"name": "UN", "general_supply": 1581, "category": 6, "ref": null, "supplyLot": "530086", "count": 2, "countOnHold": null, "dateCreated": "2021-12-01", "expiredDate": "2021-09-30"}}, {"model": "supplies.supply", "pk": 1105, "fields": {"name": "LSP CAL", "general_supply": 1582, "category": 6, "ref": null, "supplyLot": "550535", "count": 2, "countOnHold": null, "dateCreated": "2022-02-17", "expiredDate": "2023-01-31"}}, {"model": "supplies.supply", "pk": 1106, "fields": {"name": "VB", "general_supply": 1583, "category": 2, "ref": null, "supplyLot": "576", "count": 2, "countOnHold": null, "dateCreated": "2021-12-01", "expiredDate": "2021-09-30"}}, {"model": "supplies.supply", "pk": 1107, "fields": {"name": "Bilirubin Auto Total FS", "general_supply": 1584, "category": 6, "ref": null, "supplyLot": "60139854", "count": 5, "countOnHold": null, "dateCreated": "2021-12-01", "expiredDate": "2021-10-16"}}, {"model": "supplies.supply", "pk": 1108, "fields": {"name": "Lamp Halogen ADVIA 1800", "general_supply": 1585, "category": 5, "ref": null, "supplyLot": "", "count": 2, "countOnHold": null, "dateCreated": "2022-01-15", "expiredDate": "2030-01-15"}}, {"model": "supplies.supply", "pk": 1110, "fields": {"name": "PSA", "general_supply": 1587, "category": 2, "ref": null, "supplyLot": "432", "count": 1, "countOnHold": null, "dateCreated": "2022-01-20", "expiredDate": "2022-08-31"}}, {"model": "supplies.supply", "pk": 1112, "fields": {"name": "Anti-Measles Virus IgG", "general_supply": 1589, "category": 0, "ref": null, "supplyLot": "2010267", "count": 1, "countOnHold": null, "dateCreated": "2021-12-01", "expiredDate": "2021-12-07"}}, {"model": "supplies.supply", "pk": 1114, "fields": {"name": "PEP", "general_supply": 1591, "category": 2, "ref": null, "supplyLot": "307", "count": 2, "countOnHold": null, "dateCreated": "2021-12-01", "expiredDate": "2022-01-31"}}, {"model": "supplies.supply", "pk": 1118, "fields": {"name": "TruCal ASO", "general_supply": 1595, "category": 6, "ref": null, "supplyLot": "60145827", "count": 1, "countOnHold": null, "dateCreated": "2021-12-01", "expiredDate": "2022-12-31"}}, {"model": "supplies.supply", "pk": 1120, "fields": {"name": "RP Cartridge 750", "general_supply": 1597, "category": 4, "ref": null, "supplyLot": "", "count": 1, "countOnHold": null, "dateCreated": "2022-01-27", "expiredDate": "2022-04-19"}}, {"model": "supplies.supply", "pk": 1121, "fields": {"name": "Uric acid FS TOOS", "general_supply": 1598, "category": 6, "ref": null, "supplyLot": "60147878", "count": 1, "countOnHold": null, "dateCreated": "2022-01-20", "expiredDate": "2023-08-27"}}, {"model": "supplies.supply", "pk": 1122, "fields": {"name": "Gamma-GT FS", "general_supply": 1599, "category": 6, "ref": null, "supplyLot": "60147784", "count": 1, "countOnHold": null, "dateCreated": "2021-12-22", "expiredDate": "2022-08-20"}}, {"model": "supplies.supply", "pk": 1123, "fields": {"name": "ISE Buffer", "general_supply": 1600, "category": 6, "ref": null, "supplyLot": "NT112AA", "count": 2, "countOnHold": null, "dateCreated": "2022-02-17", "expiredDate": "2023-01-31"}}, {"model": "supplies.supply", "pk": 1125, "fields": {"name": "RP Cartridge 100", "general_supply": 1575, "category": 4, "ref": null, "supplyLot": "", "count": 1, "countOnHold": null, "dateCreated": "2022-01-14", "expiredDate": "2021-10-29"}}, {"model": "supplies.supply", "pk": 1127, "fields": {"name": "Albumin in Urine/CSF FS (Microalbumin)", "general_supply": 1565, "category": 6, "ref": null, "supplyLot": "60143595", "count": 1, "countOnHold": null, "dateCreated": "2021-12-01", "expiredDate": "2023-03-12"}}, {"model": "supplies.supply", "pk": 1128, "fields": {"name": "MG (Magnesium Reagents)", "general_supply": 1603, "category": 6, "ref": null, "supplyLot": "537189", "count": 2, "countOnHold": null, "dateCreated": "2021-12-01", "expiredDate": "2022-04-30"}}, {"model": "supplies.supply", "pk": 1129, "fields": {"name": "Anti-Measales Virus IgM Abs.", "general_supply": 1604, "category": 0, "ref": null, "supplyLot": "2019941", "count": 2, "countOnHold": null, "dateCreated": "2021-12-01", "expiredDate": "2022-04-20"}}, {"model": "supplies.supply", "pk": 1130, "fields": {"name": "CAL", "general_supply": 1605, "category": 2, "ref": null, "supplyLot": "316", "count": 2, "countOnHold": null, "dateCreated": "2021-12-01", "expiredDate": "2022-01-31"}}, {"model": "supplies.supply", "pk": 1132, "fields": {"name": "DMX LAB urine control lev 1+2", "general_supply": 1607, "category": 6, "ref": null, "supplyLot": "", "count": 4, "countOnHold": null, "dateCreated": "2021-12-01", "expiredDate": "2021-12-31"}}, {"model": "supplies.supply", "pk": 1133, "fields": {"name": "T3 Total T3", "general_supply": 1608, "category": 2, "ref": null, "supplyLot": "429", "count": 1, "countOnHold": null, "dateCreated": "2022-01-20", "expiredDate": "2022-10-31"}}, {"model": "supplies.supply", "pk": 1134, "fields": {"name": "BRM", "general_supply": 1609, "category": 2, "ref": null, "supplyLot": "307", "count": 1, "countOnHold": null, "dateCreated": "2021-12-01", "expiredDate": "2021-11-30"}}, {"model": "supplies.supply", "pk": 1135, "fields": {"name": "RP Cartridge 750", "general_supply": 1597, "category": 4, "ref": null, "supplyLot": "", "count": 1, "countOnHold": null, "dateCreated": "2022-01-20", "expiredDate": "2022-05-05"}}, {"model": "supplies.supply", "pk": 1136, "fields": {"name": "RUM", "general_supply": 1610, "category": 2, "ref": null, "supplyLot": "311", "count": 2, "countOnHold": null, "dateCreated": "2021-12-01", "expiredDate": "2021-10-31"}}, {"model": "supplies.supply", "pk": 1137, "fields": {"name": "Alegria Negative Control", "general_supply": 1611, "category": 0, "ref": null, "supplyLot": "2019620", "count": 1, "countOnHold": null, "dateCreated": "2021-12-01", "expiredDate": "2022-04-20"}}, {"model": "supplies.supply", "pk": 1140, "fields": {"name": "PRL Prolactin", "general_supply": 1614, "category": 2, "ref": null, "supplyLot": "416", "count": 1, "countOnHold": null, "dateCreated": "2022-01-20", "expiredDate": "2022-10-31"}}, {"model": "supplies.supply", "pk": 1142, "fields": {"name": "NORM Control", "general_supply": 1616, "category": 7, "ref": null, "supplyLot": "TP215085", "count": 1, "countOnHold": null, "dateCreated": "2021-12-01", "expiredDate": "2021-12-12"}}, {"model": "supplies.supply", "pk": 1143, "fields": {"name": "Calcium P FS", "general_supply": 1617, "category": 6, "ref": null, "supplyLot": "60143643", "count": 1, "countOnHold": null, "dateCreated": "2021-12-01", "expiredDate": "2022-11-06"}}, {"model": "supplies.supply", "pk": 1147, "fields": {"name": "ATG", "general_supply": 1621, "category": 2, "ref": null, "supplyLot": "756", "count": 1, "countOnHold": null, "dateCreated": "2021-12-01", "expiredDate": "2022-01-31"}}, {"model": "supplies.supply", "pk": 1148, "fields": {"name": "CRP FS", "general_supply": 1622, "category": 6, "ref": null, "supplyLot": "60145485", "count": 2, "countOnHold": null, "dateCreated": "2021-12-01", "expiredDate": "2023-04-16"}}, {"model": "supplies.supply", "pk": 1149, "fields": {"name": "Anti-EBV (ZEBRA) IgM", "general_supply": 1623, "category": 0, "ref": null, "supplyLot": "2108815", "count": 1, "countOnHold": null, "dateCreated": "2022-01-20", "expiredDate": "2022-10-09"}}, {"model": "supplies.supply", "pk": 1150, "fields": {"name": "EPOC Martel Принтер", "general_supply": 1624, "category": 1, "ref": null, "supplyLot": "", "count": 12, "countOnHold": null, "dateCreated": "2022-01-19", "expiredDate": "2030-01-12"}}, {"model": "supplies.supply", "pk": 1152, "fields": {"name": "Fibrinogen Calibrator kit", "general_supply": 1626, "category": null, "ref": null, "supplyLot": "00148", "count": 3, "countOnHold": null, "dateCreated": "2022-01-27", "expiredDate": "2022-12-07"}}, {"model": "supplies.supply", "pk": 1153, "fields": {"name": "TruCal Protein", "general_supply": 1627, "category": 6, "ref": null, "supplyLot": "60144678", "count": 3, "countOnHold": null, "dateCreated": "2021-12-01", "expiredDate": "2022-12-15"}}, {"model": "supplies.supply", "pk": 1154, "fields": {"name": "ACT Control", "general_supply": 1628, "category": 2, "ref": null, "supplyLot": "0129", "count": 3, "countOnHold": null, "dateCreated": "2022-02-17", "expiredDate": "2024-03-31"}}, {"model": "supplies.supply", "pk": 1155, "fields": {"name": "Glucose Hexokinase FS", "general_supply": 1629, "category": 6, "ref": null, "supplyLot": "60147783", "count": 1, "countOnHold": null, "dateCreated": "2021-12-22", "expiredDate": "2023-05-21"}}, {"model": "supplies.supply", "pk": 1156, "fields": {"name": "TruLab Albumin U/CSF Level 2", "general_supply": 1630, "category": 6, "ref": null, "supplyLot": "60144777", "count": 4, "countOnHold": null, "dateCreated": "2021-12-01", "expiredDate": "2022-05-21"}}, {"model": "supplies.supply", "pk": 1157, "fields": {"name": "Anti-Tissue Transglutaminase IgG", "general_supply": 1631, "category": 0, "ref": null, "supplyLot": "2120435", "count": 1, "countOnHold": null, "dateCreated": "2022-02-17", "expiredDate": "2023-03-07"}}, {"model": "supplies.supply", "pk": 1158, "fields": {"name": "LSP CAL", "general_supply": 1582, "category": 6, "ref": null, "supplyLot": "550535", "count": 1, "countOnHold": null, "dateCreated": "2021-12-01", "expiredDate": "2023-01-28"}}, {"model": "supplies.supply", "pk": 1160, "fields": {"name": "TG DIL", "general_supply": 1633, "category": 2, "ref": null, "supplyLot": "129", "count": 1, "countOnHold": null, "dateCreated": "2021-12-01", "expiredDate": "2024-02-29"}}, {"model": "supplies.supply", "pk": 1162, "fields": {"name": "Creatinine FS", "general_supply": 1635, "category": 6, "ref": null, "supplyLot": "60142006", "count": 2, "countOnHold": null, "dateCreated": "2021-12-01", "expiredDate": "2022-09-11"}}, {"model": "supplies.supply", "pk": 1163, "fields": {"name": "NORM Control", "general_supply": 1616, "category": 7, "ref": null, "supplyLot": "TP212075", "count": 2, "countOnHold": null, "dateCreated": "2021-12-01", "expiredDate": "2021-10-17"}}, {"model": "supplies.supply", "pk": 1164, "fields": {"name": "α-Amylase CC FS", "general_supply": 1579, "category": 6, "ref": null, "supplyLot": "60144032", "count": 3, "countOnHold": null, "dateCreated": "2021-12-01", "expiredDate": "2022-10-30"}}, {"model": "supplies.supply", "pk": 1165, "fields": {"name": "ALAT(GPT)FS (IFCC mod.)", "general_supply": 1636, "category": 6, "ref": null, "supplyLot": "60139630", "count": 1, "countOnHold": null, "dateCreated": "2021-12-01", "expiredDate": "2021-06-08"}}, {"model": "supplies.supply", "pk": 1166, "fields": {"name": "TG", "general_supply": 1612, "category": 2, "ref": null, "supplyLot": "419", "count": 3, "countOnHold": null, "dateCreated": "2021-12-01", "expiredDate": "2022-01-31"}}, {"model": "supplies.supply", "pk": 1167, "fields": {"name": "Calcium FS", "general_supply": 1638, "category": 6, "ref": null, "supplyLot": "60147048", "count": 1, "countOnHold": null, "dateCreated": "2021-12-22", "expiredDate": "2023-04-30"}}, {"model": "supplies.supply", "pk": 1168, "fields": {"name": "HCG DIL", "general_supply": 1639, "category": 2, "ref": null, "supplyLot": "245", "count": 2, "countOnHold": null, "dateCreated": "2021-12-01", "expiredDate": "2023-01-31"}}, {"model": "supplies.supply", "pk": 1170, "fields": {"name": "RP Cartridge 250", "general_supply": 1640, "category": 4, "ref": null, "supplyLot": "", "count": 3, "countOnHold": null, "dateCreated": "2022-01-20", "expiredDate": "2022-04-20"}}, {"model": "supplies.supply", "pk": 1172, "fields": {"name": "Albumin FS", "general_supply": 1642, "category": 6, "ref": null, "supplyLot": "60143846", "count": 4, "countOnHold": null, "dateCreated": "2021-12-01", "expiredDate": "2022-11-20"}}, {"model": "supplies.supply", "pk": 1175, "fields": {"name": "UA (Uric Acid Reagents)", "general_supply": 1645, "category": 6, "ref": null, "supplyLot": "552651", "count": 2, "countOnHold": null, "dateCreated": "2021-12-01", "expiredDate": "2022-05-31"}}, {"model": "supplies.supply", "pk": 1176, "fields": {"name": "LSP CAL", "general_supply": 1582, "category": 6, "ref": null, "supplyLot": "526743", "count": 1, "countOnHold": null, "dateCreated": "2021-12-01", "expiredDate": "2022-02-28"}}, {"model": "supplies.supply", "pk": 1177, "fields": {"name": "ABN1 Control", "general_supply": 1588, "category": 7, "ref": null, "supplyLot": "TP211075", "count": 2, "countOnHold": null, "dateCreated": "2021-12-01", "expiredDate": "2021-10-17"}}, {"model": "supplies.supply", "pk": 1178, "fields": {"name": "Anti-Gladian IgA", "general_supply": 1646, "category": 0, "ref": null, "supplyLot": "2014306", "count": 1, "countOnHold": null, "dateCreated": "2021-12-01", "expiredDate": "2022-01-13"}}, {"model": "supplies.supply", "pk": 1179, "fields": {"name": "AF (AFP)", "general_supply": 1647, "category": 2, "ref": null, "supplyLot": "514", "count": 2, "countOnHold": null, "dateCreated": "2021-12-01", "expiredDate": "2021-11-30"}}, {"model": "supplies.supply", "pk": 1180, "fields": {"name": "IP (Inorganic Phosphorus Reagents)", "general_supply": 1648, "category": 6, "ref": null, "supplyLot": "557085", "count": 2, "countOnHold": null, "dateCreated": "2021-12-01", "expiredDate": "2022-06-30"}}, {"model": "supplies.supply", "pk": 1182, "fields": {"name": "Шприцы (лабикс) шт.", "general_supply": 1650, "category": 3, "ref": null, "supplyLot": "", "count": 150, "countOnHold": null, "dateCreated": "2022-01-20", "expiredDate": "2023-03-18"}}, {"model": "supplies.supply", "pk": 1185, "fields": {"name": "TXP", "general_supply": 1653, "category": 2, "ref": null, "supplyLot": "511", "count": 1, "countOnHold": null, "dateCreated": "2021-12-01", "expiredDate": "2021-11-30"}}, {"model": "supplies.supply", "pk": 1186, "fields": {"name": "OV", "general_supply": 1573, "category": 2, "ref": null, "supplyLot": "307", "count": 1, "countOnHold": null, "dateCreated": "2021-12-01", "expiredDate": "2021-11-30"}}, {"model": "supplies.supply", "pk": 1188, "fields": {"name": "PRG\nProgesterone", "general_supply": 1656, "category": 2, "ref": null, "supplyLot": "585", "count": 1, "countOnHold": null, "dateCreated": "2022-01-20", "expiredDate": "2022-09-30"}}, {"model": "supplies.supply", "pk": 1189, "fields": {"name": "EPOC Прибор", "general_supply": 1657, "category": 1, "ref": null, "supplyLot": "", "count": 12, "countOnHold": null, "dateCreated": "2022-01-19", "expiredDate": "2030-01-12"}}, {"model": "supplies.supply", "pk": 1191, "fields": {"name": "Purolite MB400", "general_supply": 1659, "category": 5, "ref": null, "supplyLot": "Ion exchange Resin ", "count": 1, "countOnHold": null, "dateCreated": "2022-01-13", "expiredDate": "2030-06-30"}}, {"model": "supplies.supply", "pk": 1192, "fields": {"name": "PRL DIL", "general_supply": 1660, "category": 2, "ref": null, "supplyLot": "124", "count": 1, "countOnHold": null, "dateCreated": "2021-12-01", "expiredDate": "2022-06-30"}}, {"model": "supplies.supply", "pk": 1193, "fields": {"name": "LDH FS IFCC", "general_supply": 1661, "category": 6, "ref": null, "supplyLot": "60145605", "count": 1, "countOnHold": null, "dateCreated": "2021-12-01", "expiredDate": "2022-05-28"}}, {"model": "supplies.supply", "pk": 1194, "fields": {"name": "TruCal CRP", "general_supply": 1662, "category": 6, "ref": null, "supplyLot": "60145771", "count": 3, "countOnHold": null, "dateCreated": "2021-12-01", "expiredDate": "2022-10-20"}}, {"model": "supplies.supply", "pk": 1195, "fields": {"name": "Anti-Measles Virus IgM Abs.", "general_supply": 1663, "category": 0, "ref": null, "supplyLot": "2012755", "count": 1, "countOnHold": null, "dateCreated": "2021-12-01", "expiredDate": "2021-12-31"}}, {"model": "supplies.supply", "pk": 1196, "fields": {"name": "Anti-Measales Virus IgM Abs.", "general_supply": 1604, "category": 0, "ref": null, "supplyLot": "2012755", "count": 1, "countOnHold": null, "dateCreated": "2021-12-01", "expiredDate": "2021-12-31"}}, {"model": "supplies.supply", "pk": 1198, "fields": {"name": "Glucose Hexokinase FS", "general_supply": 1629, "category": 6, "ref": null, "supplyLot": "60143832", "count": 2, "countOnHold": null, "dateCreated": "2021-12-01", "expiredDate": "2023-01-22"}}, {"model": "supplies.supply", "pk": 1199, "fields": {"name": "TG (Thyroglobulin) Control", "general_supply": 1665, "category": 2, "ref": null, "supplyLot": "0041", "count": 4, "countOnHold": null, "dateCreated": "2022-02-17", "expiredDate": "2022-12-31"}}, {"model": "supplies.supply", "pk": 1200, "fields": {"name": "DDI\nD-Dimer", "general_supply": 1666, "category": 2, "ref": null, "supplyLot": "350", "count": 1, "countOnHold": null, "dateCreated": "2022-01-20", "expiredDate": "2022-11-30"}}, {"model": "supplies.supply", "pk": 1201, "fields": {"name": "TruCal Albumin U/CSF", "general_supply": 1667, "category": 6, "ref": null, "supplyLot": "60145181", "count": 4, "countOnHold": null, "dateCreated": "2021-12-01", "expiredDate": "2022-04-21"}}, {"model": "supplies.supply", "pk": 1202, "fields": {"name": "Defoamer", "general_supply": 1668, "category": 7, "ref": null, "supplyLot": "24384", "count": 3, "countOnHold": null, "dateCreated": "2021-12-22", "expiredDate": "2021-11-30"}}, {"model": "supplies.supply", "pk": 1203, "fields": {"name": "Шприцы (Трансмед) шт.", "general_supply": 1669, "category": 3, "ref": null, "supplyLot": "", "count": 100, "countOnHold": null, "dateCreated": "2022-01-24", "expiredDate": "2022-08-30"}}, {"model": "supplies.supply", "pk": 1204, "fields": {"name": "Anti-HSV-1/2 IgM Abs.", "general_supply": 1670, "category": 0, "ref": null, "supplyLot": "2011368", "count": 1, "countOnHold": null, "dateCreated": "2021-12-01", "expiredDate": "2021-12-08"}}, {"model": "supplies.supply", "pk": 1205, "fields": {"name": "DDI Control", "general_supply": 1671, "category": 2, "ref": null, "supplyLot": "0023", "count": 1, "countOnHold": null, "dateCreated": "2021-12-01", "expiredDate": "2023-07-31"}}, {"model": "supplies.supply", "pk": 1209, "fields": {"name": "TruLab Albumin U/CSF Level 1", "general_supply": 1674, "category": 6, "ref": null, "supplyLot": "60144778", "count": 4, "countOnHold": null, "dateCreated": "2021-12-01", "expiredDate": "2022-05-21"}}, {"model": "supplies.supply", "pk": 1211, "fields": {"name": "Bilirubin Auto Direct FS", "general_supply": 1576, "category": 6, "ref": null, "supplyLot": "60143333", "count": 1, "countOnHold": null, "dateCreated": "2021-12-01", "expiredDate": "2022-07-09"}}, {"model": "supplies.supply", "pk": 1212, "fields": {"name": "TXU", "general_supply": 1676, "category": 2, "ref": null, "supplyLot": "305", "count": 1, "countOnHold": null, "dateCreated": "2021-12-01", "expiredDate": "2021-10-31"}}, {"model": "supplies.supply", "pk": 1213, "fields": {"name": "Anti-Tissue Transglutaminase IgA", "general_supply": 1618, "category": 0, "ref": null, "supplyLot": "2120542", "count": 1, "countOnHold": null, "dateCreated": "2022-02-17", "expiredDate": "2023-03-12"}}, {"model": "supplies.supply", "pk": 1214, "fields": {"name": "wr CRP", "general_supply": 1677, "category": 6, "ref": null, "supplyLot": "529314", "count": 2, "countOnHold": null, "dateCreated": "2021-12-01", "expiredDate": "2022-01-31"}}, {"model": "supplies.supply", "pk": 1215, "fields": {"name": "HPG", "general_supply": 1678, "category": 2, "ref": null, "supplyLot": "531", "count": 3, "countOnHold": null, "dateCreated": "2021-12-01", "expiredDate": "2022-02-28"}}, {"model": "supplies.supply", "pk": 1217, "fields": {"name": "Anti-Measales Virus IgM Abs.", "general_supply": 1604, "category": 0, "ref": null, "supplyLot": "2113522", "count": 1, "countOnHold": null, "dateCreated": "2022-01-20", "expiredDate": "2022-12-12"}}, {"model": "supplies.supply", "pk": 1220, "fields": {"name": "TrLab Chemistry N+P", "general_supply": 1681, "category": 6, "ref": null, "supplyLot": "", "count": 1, "countOnHold": null, "dateCreated": "2021-12-01", "expiredDate": "2023-01-28"}}, {"model": "supplies.supply", "pk": 1223, "fields": {"name": "DDI Control", "general_supply": 1671, "category": 2, "ref": null, "supplyLot": "0024", "count": 3, "countOnHold": null, "dateCreated": "2021-12-01", "expiredDate": "2024-05-31"}}, {"model": "supplies.supply", "pk": 1224, "fields": {"name": "Bilirubin Auto Direct FS", "general_supply": 1576, "category": 6, "ref": null, "supplyLot": "60144455", "count": 1, "countOnHold": null, "dateCreated": "2021-12-01", "expiredDate": "2022-07-09"}}, {"model": "supplies.supply", "pk": 1225, "fields": {"name": "Anti-HSV-1 IgG", "general_supply": 1684, "category": 0, "ref": null, "supplyLot": "2013824", "count": 2, "countOnHold": null, "dateCreated": "2021-12-01", "expiredDate": "2022-01-13"}}, {"model": "supplies.supply", "pk": 1228, "fields": {"name": "GIM\nGI-MA (CA19-9)", "general_supply": 1687, "category": 2, "ref": null, "supplyLot": "364", "count": 1, "countOnHold": null, "dateCreated": "2022-01-20", "expiredDate": "2022-10-31"}}, {"model": "supplies.supply", "pk": 1229, "fields": {"name": "Резинки для каппиляров", "general_supply": 1688, "category": 4, "ref": null, "supplyLot": "", "count": 500, "countOnHold": null, "dateCreated": "2021-12-24", "expiredDate": "2030-12-24"}}, {"model": "supplies.supply", "pk": 1230, "fields": {"name": "COR", "general_supply": 1689, "category": 2, "ref": null, "supplyLot": "562", "count": 1, "countOnHold": null, "dateCreated": "2021-12-01", "expiredDate": "2021-08-31"}}, {"model": "supplies.supply", "pk": 1231, "fields": {"name": "FT3", "general_supply": 1690, "category": 2, "ref": null, "supplyLot": "870", "count": 2, "countOnHold": null, "dateCreated": "2021-12-01", "expiredDate": "2021-08-31"}}, {"model": "supplies.supply", "pk": 1232, "fields": {"name": "Control Plasma N", "general_supply": 1691, "category": null, "ref": null, "supplyLot": "507797A", "count": 1, "countOnHold": null, "dateCreated": "2022-01-27", "expiredDate": "2023-06-01"}}, {"model": "supplies.supply", "pk": 1233, "fields": {"name": "ACTH", "general_supply": 1692, "category": 2, "ref": null, "supplyLot": "375", "count": 1, "countOnHold": null, "dateCreated": "2022-01-20", "expiredDate": "2022-10-31"}}, {"model": "supplies.supply", "pk": 1236, "fields": {"name": "Anti-Measles Virus IgG", "general_supply": 1589, "category": 0, "ref": null, "supplyLot": "2114860", "count": 1, "countOnHold": null, "dateCreated": "2022-01-20", "expiredDate": "2022-12-19"}}, {"model": "supplies.supply", "pk": 1237, "fields": {"name": "Probe Cleaning Kit", "general_supply": 1695, "category": 2, "ref": null, "supplyLot": "46520107", "count": 3, "countOnHold": null, "dateCreated": "2021-12-22", "expiredDate": "2021-10-14"}}, {"model": "supplies.supply", "pk": 1238, "fields": {"name": "CVG", "general_supply": 1696, "category": 2, "ref": null, "supplyLot": "364", "count": 1, "countOnHold": null, "dateCreated": "2021-12-22", "expiredDate": "2022-08-31"}}, {"model": "supplies.supply", "pk": 1241, "fields": {"name": "SHEATH RINSE", "general_supply": 1568, "category": 7, "ref": null, "supplyLot": "19152", "count": 1, "countOnHold": null, "dateCreated": "2022-02-17", "expiredDate": "2023-03-31"}}, {"model": "supplies.supply", "pk": 1242, "fields": {"name": "Multistix 10SG", "general_supply": 1700, "category": 3, "ref": null, "supplyLot": "10318865", "count": 10, "countOnHold": null, "dateCreated": "2022-02-17", "expiredDate": "2023-01-31"}}, {"model": "supplies.supply", "pk": 1243, "fields": {"name": "Triglycerides FS", "general_supply": 1701, "category": 6, "ref": null, "supplyLot": "60147827", "count": 2, "countOnHold": null, "dateCreated": "2022-01-20", "expiredDate": "2023-09-03"}}, {"model": "supplies.supply", "pk": 1244, "fields": {"name": "ALAT (GPT) FS (IFCC mod.)", "general_supply": 1702, "category": 6, "ref": null, "supplyLot": "60147638", "count": 1, "countOnHold": null, "dateCreated": "2021-12-22", "expiredDate": "2022-09-17"}}, {"model": "supplies.supply", "pk": 1245, "fields": {"name": "Alegria Positive Control", "general_supply": 1703, "category": 0, "ref": null, "supplyLot": "2116213", "count": 1, "countOnHold": null, "dateCreated": "2022-01-20", "expiredDate": "2023-02-21"}}, {"model": "supplies.supply", "pk": 1246, "fields": {"name": "Lipase DC FS", "general_supply": 1625, "category": 6, "ref": null, "supplyLot": "60145997", "count": 1, "countOnHold": null, "dateCreated": "2021-12-22", "expiredDate": "2022-11-05"}}, {"model": "supplies.supply", "pk": 1249, "fields": {"name": "FOL", "general_supply": 1706, "category": 2, "ref": null, "supplyLot": "567", "count": 1, "countOnHold": null, "dateCreated": "2021-12-01", "expiredDate": "2021-10-31"}}, {"model": "supplies.supply", "pk": 1252, "fields": {"name": "Total protein FS", "general_supply": 1709, "category": 6, "ref": null, "supplyLot": "60139902", "count": 1, "countOnHold": null, "dateCreated": "2021-12-01", "expiredDate": "2022-03-09"}}, {"model": "supplies.supply", "pk": 1253, "fields": {"name": "HPG H.pylori IgG", "general_supply": 1708, "category": 2, "ref": null, "supplyLot": "544", "count": 1, "countOnHold": null, "dateCreated": "2022-02-17", "expiredDate": "2022-12-31"}}, {"model": "supplies.supply", "pk": 1257, "fields": {"name": "CRP FS", "general_supply": 1622, "category": 6, "ref": null, "supplyLot": "60140662", "count": 1, "countOnHold": null, "dateCreated": "2021-12-01", "expiredDate": "2022-07-17"}}, {"model": "supplies.supply", "pk": 1258, "fields": {"name": "CEA", "general_supply": 1712, "category": 2, "ref": null, "supplyLot": "356", "count": 1, "countOnHold": null, "dateCreated": "2021-12-01", "expiredDate": "2021-10-31"}}, {"model": "supplies.supply", "pk": 1259, "fields": {"name": "TT4 Total T4", "general_supply": 1713, "category": 2, "ref": null, "supplyLot": "425", "count": 1, "countOnHold": null, "dateCreated": "2022-02-17", "expiredDate": "2022-07-31"}}, {"model": "supplies.supply", "pk": 1261, "fields": {"name": "Antistreptolysin O FS", "general_supply": 1715, "category": 6, "ref": null, "supplyLot": "60146043", "count": 1, "countOnHold": null, "dateCreated": "2021-12-01", "expiredDate": "2022-02-28"}}, {"model": "supplies.supply", "pk": 1262, "fields": {"name": "A1c_E", "general_supply": 1716, "category": 6, "ref": null, "supplyLot": "190", "count": 3, "countOnHold": null, "dateCreated": "2021-12-01", "expiredDate": "2021-10-31"}}, {"model": "supplies.supply", "pk": 1263, "fields": {"name": "Total protein FS", "general_supply": 1709, "category": 6, "ref": null, "supplyLot": "60144394", "count": 3, "countOnHold": null, "dateCreated": "2022-02-17", "expiredDate": "2023-01-15"}}, {"model": "supplies.supply", "pk": 1265, "fields": {"name": "TruCal ASO", "general_supply": 1595, "category": 6, "ref": null, "supplyLot": "60142571", "count": 3, "countOnHold": null, "dateCreated": "2021-12-01", "expiredDate": "2022-03-31"}}, {"model": "supplies.supply", "pk": 1266, "fields": {"name": "Transferrin FS", "general_supply": 1717, "category": 6, "ref": null, "supplyLot": "60145996", "count": 2, "countOnHold": null, "dateCreated": "2021-12-01", "expiredDate": "2023-04-09"}}, {"model": "supplies.supply", "pk": 1267, "fields": {"name": "TruCal Lipid", "general_supply": 1651, "category": 6, "ref": null, "supplyLot": "60148650", "count": 1, "countOnHold": null, "dateCreated": "2021-12-22", "expiredDate": "2023-08-27"}}, {"model": "supplies.supply", "pk": 1269, "fields": {"name": "Anti-Chlamydia trachomatis IgM Abs.", "general_supply": 1720, "category": 0, "ref": null, "supplyLot": "2012761", "count": 1, "countOnHold": null, "dateCreated": "2021-12-01", "expiredDate": "2022-01-04"}}, {"model": "supplies.supply", "pk": 1270, "fields": {"name": "Anti-C1q", "general_supply": 1721, "category": 0, "ref": null, "supplyLot": "2115028", "count": 2, "countOnHold": null, "dateCreated": "2022-01-20", "expiredDate": "2022-12-21"}}, {"model": "supplies.supply", "pk": 1271, "fields": {"name": "Calcium Chloride Solution", "general_supply": 1722, "category": 0, "ref": null, "supplyLot": "563892A", "count": 5, "countOnHold": null, "dateCreated": "2022-01-27", "expiredDate": "2026-02-28"}}, {"model": "supplies.supply", "pk": 1274, "fields": {"name": "TT4", "general_supply": 1724, "category": 2, "ref": null, "supplyLot": "417", "count": 4, "countOnHold": null, "dateCreated": "2021-12-01", "expiredDate": "2021-09-30"}}, {"model": "supplies.supply", "pk": 1277, "fields": {"name": "Anti-HSV-2 IgG", "general_supply": 1726, "category": 0, "ref": null, "supplyLot": "2012779", "count": 1, "countOnHold": null, "dateCreated": "2021-12-01", "expiredDate": "2022-01-04"}}, {"model": "supplies.supply", "pk": 1278, "fields": {"name": "A1c_E", "general_supply": 1716, "category": 6, "ref": null, "supplyLot": "0LS004", "count": 1, "countOnHold": null, "dateCreated": "2021-12-01", "expiredDate": "2022-03-16"}}, {"model": "supplies.supply", "pk": 1281, "fields": {"name": "ATG", "general_supply": 1621, "category": 2, "ref": null, "supplyLot": "762", "count": 1, "countOnHold": null, "dateCreated": "2021-12-01", "expiredDate": "2022-06-30"}}, {"model": "supplies.supply", "pk": 1283, "fields": {"name": "Iron FS Ference", "general_supply": 1729, "category": 6, "ref": null, "supplyLot": "60143597", "count": 1, "countOnHold": null, "dateCreated": "2021-12-01", "expiredDate": "2023-01-15"}}, {"model": "supplies.supply", "pk": 1284, "fields": {"name": "Antistreptolysin FS", "general_supply": 1730, "category": 6, "ref": null, "supplyLot": "60146043", "count": 1, "countOnHold": null, "dateCreated": "2021-12-22", "expiredDate": "2023-02-28"}}, {"model": "supplies.supply", "pk": 1285, "fields": {"name": "Alegria Negative Control", "general_supply": 1611, "category": 0, "ref": null, "supplyLot": "2116219", "count": 1, "countOnHold": null, "dateCreated": "2022-01-20", "expiredDate": "2023-02-09"}}, {"model": "supplies.supply", "pk": 1286, "fields": {"name": "UIBC FS", "general_supply": 1731, "category": 6, "ref": null, "supplyLot": "60145238", "count": 2, "countOnHold": null, "dateCreated": "2021-12-01", "expiredDate": "2022-08-13"}}, {"model": "supplies.supply", "pk": 1287, "fields": {"name": "Calcium P FS", "general_supply": 1617, "category": 6, "ref": null, "supplyLot": "60147717", "count": 1, "countOnHold": null, "dateCreated": "2022-01-20", "expiredDate": "2023-06-04"}}, {"model": "supplies.supply", "pk": 1288, "fields": {"name": "Total protein FS", "general_supply": 1709, "category": 6, "ref": null, "supplyLot": "60150887", "count": 1, "countOnHold": null, "dateCreated": "2022-02-17", "expiredDate": "2023-10-29"}}, {"model": "supplies.supply", "pk": 1289, "fields": {"name": "LDH FS IFCC", "general_supply": 1661, "category": 6, "ref": null, "supplyLot": "60144036", "count": 2, "countOnHold": null, "dateCreated": "2021-12-01", "expiredDate": "2022-05-28"}}, {"model": "supplies.supply", "pk": 1290, "fields": {"name": "PAA Control", "general_supply": 1733, "category": 2, "ref": null, "supplyLot": "0029", "count": 1, "countOnHold": null, "dateCreated": "2021-12-01", "expiredDate": "2022-06-30"}}, {"model": "supplies.supply", "pk": 1291, "fields": {"name": "Anti-dsDNA Screen", "general_supply": 1734, "category": 0, "ref": null, "supplyLot": "2114052", "count": 2, "countOnHold": null, "dateCreated": "2022-01-20", "expiredDate": "2023-01-01"}}, {"model": "supplies.supply", "pk": 1292, "fields": {"name": "TSH Third Generation TSH", "general_supply": 1735, "category": 2, "ref": null, "supplyLot": "739", "count": 1, "countOnHold": null, "dateCreated": "2022-02-17", "expiredDate": "2022-09-30"}}, {"model": "supplies.supply", "pk": 1293, "fields": {"name": "Uric acid FS TOOS", "general_supply": 1598, "category": 6, "ref": null, "supplyLot": "60147266", "count": 1, "countOnHold": null, "dateCreated": "2022-01-20", "expiredDate": "2023-04-23"}}, {"model": "supplies.supply", "pk": 1294, "fields": {"name": "CMM", "general_supply": 1736, "category": 2, "ref": null, "supplyLot": "317", "count": 2, "countOnHold": null, "dateCreated": "2021-12-01", "expiredDate": "2022-01-31"}}, {"model": "supplies.supply", "pk": 1295, "fields": {"name": "ABN2 Control", "general_supply": 1737, "category": 7, "ref": null, "supplyLot": "TP216085", "count": 1, "countOnHold": null, "dateCreated": "2021-12-01", "expiredDate": "2021-12-12"}}, {"model": "supplies.supply", "pk": 1296, "fields": {"name": "RUB Rubella Quantitative IgG", "general_supply": 1738, "category": 2, "ref": null, "supplyLot": "511", "count": 1, "countOnHold": null, "dateCreated": "2022-01-20", "expiredDate": "2022-07-31"}}, {"model": "supplies.supply", "pk": 1297, "fields": {"name": "Lipase DC FS", "general_supply": 1625, "category": 6, "ref": null, "supplyLot": "60145004", "count": 2, "countOnHold": null, "dateCreated": "2021-12-01", "expiredDate": "2022-10-08"}}, {"model": "supplies.supply", "pk": 1298, "fields": {"name": "Total Protein UC Standard FS", "general_supply": 1739, "category": 6, "ref": null, "supplyLot": "60145174", "count": 4, "countOnHold": null, "dateCreated": "2021-12-01", "expiredDate": "2022-03-27"}}, {"model": "supplies.supply", "pk": 1299, "fields": {"name": "Reagent Probe Wash 1", "general_supply": 1740, "category": 6, "ref": null, "supplyLot": "20102614", "count": 8, "countOnHold": null, "dateCreated": "2021-12-22", "expiredDate": "2022-04-25"}}, {"model": "supplies.supply", "pk": 1300, "fields": {"name": "CBC TIMEPAC", "general_supply": 1741, "category": 7, "ref": null, "supplyLot": "80343", "count": 1, "countOnHold": null, "dateCreated": "2022-02-17", "expiredDate": "2021-07-31"}}, {"model": "supplies.supply", "pk": 1301, "fields": {"name": "Triglycerides FS", "general_supply": 1701, "category": 6, "ref": null, "supplyLot": "60144933", "count": 3, "countOnHold": null, "dateCreated": "2021-12-01", "expiredDate": "2023-03-19"}}, {"model": "supplies.supply", "pk": 1302, "fields": {"name": "CRP_2 CAL", "general_supply": 1742, "category": 6, "ref": null, "supplyLot": "522301", "count": 2, "countOnHold": null, "dateCreated": "2021-12-01", "expiredDate": "2021-10-28"}}, {"model": "supplies.supply", "pk": 1303, "fields": {"name": "CHOL_2", "general_supply": 1743, "category": 6, "ref": null, "supplyLot": "558644", "count": 1, "countOnHold": null, "dateCreated": "2021-12-01", "expiredDate": "2022-06-30"}}, {"model": "supplies.supply", "pk": 1304, "fields": {"name": "Reagent Probe Wash 2", "general_supply": 1744, "category": 6, "ref": null, "supplyLot": "20092815", "count": 8, "countOnHold": null, "dateCreated": "2021-12-22", "expiredDate": "2022-03-27"}}, {"model": "supplies.supply", "pk": 1305, "fields": {"name": "ISE Detergent Solution", "general_supply": 1745, "category": 6, "ref": null, "supplyLot": "DF033AA", "count": 2, "countOnHold": null, "dateCreated": "2021-12-22", "expiredDate": "2021-11-30"}}, {"model": "supplies.supply", "pk": 1308, "fields": {"name": "PEROX SHEATH", "general_supply": 1748, "category": 7, "ref": null, "supplyLot": "14454", "count": 3, "countOnHold": null, "dateCreated": "2022-02-17", "expiredDate": "2022-09-30"}}, {"model": "supplies.supply", "pk": 1309, "fields": {"name": "TSH DIL", "general_supply": 1749, "category": 2, "ref": null, "supplyLot": "130", "count": 2, "countOnHold": null, "dateCreated": "2021-12-01", "expiredDate": "2023-09-30"}}, {"model": "supplies.supply", "pk": 1310, "fields": {"name": "Шприцы (лабикс) шт.", "general_supply": 1650, "category": 3, "ref": null, "supplyLot": "204086", "count": 800, "countOnHold": null, "dateCreated": "2022-02-17", "expiredDate": "2023-04-30"}}, {"model": "supplies.supply", "pk": 1311, "fields": {"name": "TruCal CRP", "general_supply": 1662, "category": 6, "ref": null, "supplyLot": "60143790", "count": 1, "countOnHold": null, "dateCreated": "2021-12-01", "expiredDate": "2022-07-19"}}, {"model": "supplies.supply", "pk": 1312, "fields": {"name": "FOL", "general_supply": 1706, "category": 2, "ref": null, "supplyLot": "576", "count": 1, "countOnHold": null, "dateCreated": "2021-12-22", "expiredDate": "2022-09-30"}}, {"model": "supplies.supply", "pk": 1313, "fields": {"name": "Creatinine FS", "general_supply": 1635, "category": 6, "ref": null, "supplyLot": "60144033", "count": 1, "countOnHold": null, "dateCreated": "2021-12-01", "expiredDate": "2022-11-27"}}, {"model": "supplies.supply", "pk": 1314, "fields": {"name": "UN", "general_supply": 1581, "category": 6, "ref": null, "supplyLot": "573369", "count": 1, "countOnHold": null, "dateCreated": "2021-12-22", "expiredDate": "2022-10-31"}}, {"model": "supplies.supply", "pk": 1315, "fields": {"name": "Immunoglobulin G FS", "general_supply": 1751, "category": 6, "ref": null, "supplyLot": "60142866", "count": 1, "countOnHold": null, "dateCreated": "2021-12-01", "expiredDate": "2022-04-03"}}, {"model": "supplies.supply", "pk": 1316, "fields": {"name": "Капилляры", "general_supply": 1752, "category": 4, "ref": null, "supplyLot": "", "count": 250, "countOnHold": null, "dateCreated": "2021-12-24", "expiredDate": "2030-12-24"}}, {"model": "supplies.supply", "pk": 1317, "fields": {"name": "RP Cartridge 100", "general_supply": 1575, "category": 4, "ref": null, "supplyLot": "", "count": 2, "countOnHold": null, "dateCreated": "2022-01-20", "expiredDate": "2022-04-16"}}, {"model": "supplies.supply", "pk": 1318, "fields": {"name": "FBC", "general_supply": 1753, "category": 2, "ref": null, "supplyLot": "496", "count": 1, "countOnHold": null, "dateCreated": "2021-12-01", "expiredDate": "2021-11-30"}}, {"model": "supplies.supply", "pk": 1319, "fields": {"name": "Fluorinet FC-43", "general_supply": 1754, "category": 6, "ref": null, "supplyLot": "7308551", "count": 1, "countOnHold": null, "dateCreated": "2021-12-22", "expiredDate": "2023-09-27"}}, {"model": "supplies.supply", "pk": 1320, "fields": {"name": "LH", "general_supply": 1601, "category": 2, "ref": null, "supplyLot": "417", "count": 1, "countOnHold": null, "dateCreated": "2022-01-20", "expiredDate": "2022-09-30"}}, {"model": "supplies.supply", "pk": 1321, "fields": {"name": "TXU\nToxoplasma IM (u-Capture)", "general_supply": 1756, "category": 2, "ref": null, "supplyLot": "307", "count": 1, "countOnHold": null, "dateCreated": "2022-01-20", "expiredDate": "2022-05-31"}}, {"model": "supplies.supply", "pk": 1323, "fields": {"name": "MD1 DIL", "general_supply": 1758, "category": 2, "ref": null, "supplyLot": "137L", "count": 1, "countOnHold": null, "dateCreated": "2021-12-01", "expiredDate": "2022-10-31"}}, {"model": "supplies.supply", "pk": 1324, "fields": {"name": "RF", "general_supply": 1672, "category": 6, "ref": null, "supplyLot": "543485", "count": 3, "countOnHold": null, "dateCreated": "2021-12-01", "expiredDate": "2021-10-31"}}, {"model": "supplies.supply", "pk": 1325, "fields": {"name": "Immunoglobulin A FS", "general_supply": 1760, "category": 6, "ref": null, "supplyLot": "60142889", "count": 2, "countOnHold": null, "dateCreated": "2021-12-01", "expiredDate": "2022-09-18"}}, {"model": "supplies.supply", "pk": 1326, "fields": {"name": "UIBC FS", "general_supply": 1731, "category": 6, "ref": null, "supplyLot": "60144714", "count": 2, "countOnHold": null, "dateCreated": "2021-12-01", "expiredDate": "2022-08-13"}}, {"model": "supplies.supply", "pk": 1327, "fields": {"name": "HCG", "general_supply": 1634, "category": 2, "ref": null, "supplyLot": "470", "count": 1, "countOnHold": null, "dateCreated": "2022-01-20", "expiredDate": "2022-09-30"}}, {"model": "supplies.supply", "pk": 1328, "fields": {"name": "Шприцы (Трансмед) шт.", "general_supply": 1669, "category": 3, "ref": null, "supplyLot": "", "count": 200, "countOnHold": null, "dateCreated": "2021-12-22", "expiredDate": "2021-03-30"}}, {"model": "supplies.supply", "pk": 1333, "fields": {"name": "RP Cartridge Clean (шт)", "general_supply": 1766, "category": 4, "ref": null, "supplyLot": "", "count": 31, "countOnHold": null, "dateCreated": "2022-01-27", "expiredDate": "2022-05-17"}}, {"model": "supplies.supply", "pk": 1334, "fields": {"name": "ISE Serum Standard Set", "general_supply": 1572, "category": 6, "ref": null, "supplyLot": "HS017AA", "count": 1, "countOnHold": null, "dateCreated": "2021-12-22", "expiredDate": "2021-06-30"}}, {"model": "supplies.supply", "pk": 1336, "fields": {"name": "Bilirubin ￼Auto Direct FS", "general_supply": 1768, "category": 6, "ref": null, "supplyLot": "60145698", "count": 2, "countOnHold": null, "dateCreated": "2021-12-22", "expiredDate": "2022-10-22"}}, {"model": "supplies.supply", "pk": 1337, "fields": {"name": "Reaction tubes", "general_supply": 1769, "category": 2, "ref": null, "supplyLot": "", "count": 10, "countOnHold": null, "dateCreated": "2022-01-20", "expiredDate": "2030-01-20"}}, {"model": "supplies.supply", "pk": 1338, "fields": {"name": "Bilirubin Auto Total FS", "general_supply": 1584, "category": 6, "ref": null, "supplyLot": "60149933", "count": 1, "countOnHold": null, "dateCreated": "2022-01-20", "expiredDate": "2023-04-08"}}, {"model": "supplies.supply", "pk": 1339, "fields": {"name": "A1c_E", "general_supply": 1716, "category": 6, "ref": null, "supplyLot": "210", "count": 1, "countOnHold": null, "dateCreated": "2022-01-20", "expiredDate": "2022-04-30"}}, {"model": "supplies.supply", "pk": 1340, "fields": {"name": "Calcium P FS", "general_supply": 1617, "category": 6, "ref": null, "supplyLot": "60143864", "count": 3, "countOnHold": null, "dateCreated": "2021-12-01", "expiredDate": "2023-01-29"}}, {"model": "supplies.supply", "pk": 1341, "fields": {"name": "Anti-dsDNA Screen", "general_supply": 1734, "category": 0, "ref": null, "supplyLot": "2018802", "count": 1, "countOnHold": null, "dateCreated": "2021-12-01", "expiredDate": "2022-05-02"}}, {"model": "supplies.supply", "pk": 1343, "fields": {"name": "Alegria Positive Control", "general_supply": 1703, "category": 0, "ref": null, "supplyLot": "2102340", "count": 1, "countOnHold": null, "dateCreated": "2021-12-01", "expiredDate": "2022-06-02"}}, {"model": "supplies.supply", "pk": 1344, "fields": {"name": "Lipase DC FS", "general_supply": 1625, "category": 6, "ref": null, "supplyLot": "60149937", "count": 1, "countOnHold": null, "dateCreated": "2022-01-20", "expiredDate": "2023-05-06"}}, {"model": "supplies.supply", "pk": 1345, "fields": {"name": "Diluent Tubes", "general_supply": 1771, "category": 2, "ref": null, "supplyLot": "L2ZT", "count": 2, "countOnHold": null, "dateCreated": "2022-01-15", "expiredDate": "2030-06-30"}}, {"model": "supplies.supply", "pk": 1346, "fields": {"name": "fPS\nFree PSA", "general_supply": 1772, "category": 2, "ref": null, "supplyLot": "366", "count": 1, "countOnHold": null, "dateCreated": "2022-01-20", "expiredDate": "2022-08-31"}}, {"model": "supplies.supply", "pk": 1347, "fields": {"name": "ACT", "general_supply": 1773, "category": 2, "ref": null, "supplyLot": "367", "count": 3, "countOnHold": null, "dateCreated": "2021-12-01", "expiredDate": "2022-01-31"}}, {"model": "supplies.supply", "pk": 1348, "fields": {"name": "Anti-Gladian IgA", "general_supply": 1646, "category": 0, "ref": null, "supplyLot": "2116989", "count": 1, "countOnHold": null, "dateCreated": "2022-01-20", "expiredDate": "2023-02-21"}}, {"model": "supplies.supply", "pk": 1349, "fields": {"name": "PAA", "general_supply": 1680, "category": 2, "ref": null, "supplyLot": "518", "count": 1, "countOnHold": null, "dateCreated": "2021-12-01", "expiredDate": "2021-12-31"}}, {"model": "supplies.supply", "pk": 1350, "fields": {"name": "TG\nThyroglobulin", "general_supply": 1774, "category": 2, "ref": null, "supplyLot": "428", "count": 1, "countOnHold": null, "dateCreated": "2022-01-20", "expiredDate": "2022-10-31"}}, {"model": "supplies.supply", "pk": 1351, "fields": {"name": "HDL/LDL CHOL CAL", "general_supply": 1775, "category": 6, "ref": null, "supplyLot": "501870", "count": 5, "countOnHold": null, "dateCreated": "2021-12-01", "expiredDate": "2021-10-28"}}, {"model": "supplies.supply", "pk": 1353, "fields": {"name": "BRM\nBR-MA(CA15-3)", "general_supply": 1776, "category": 2, "ref": null, "supplyLot": "309", "count": 1, "countOnHold": null, "dateCreated": "2022-01-20", "expiredDate": "2022-07-31"}}, {"model": "supplies.supply", "pk": 1354, "fields": {"name": "CHOL_2", "general_supply": 1743, "category": 6, "ref": null, "supplyLot": "546326", "count": 1, "countOnHold": null, "dateCreated": "2021-12-01", "expiredDate": "2022-03-31"}}, {"model": "supplies.supply", "pk": 1355, "fields": {"name": "Anti-Chlamydia trachomatis IgG", "general_supply": 1777, "category": 0, "ref": null, "supplyLot": "2013842", "count": 1, "countOnHold": null, "dateCreated": "2021-12-01", "expiredDate": "2023-01-23"}}, {"model": "supplies.supply", "pk": 1356, "fields": {"name": "Anti-CSS has", "general_supply": 1778, "category": 0, "ref": null, "supplyLot": "2115684", "count": 1, "countOnHold": null, "dateCreated": "2021-12-22", "expiredDate": "2023-01-05"}}, {"model": "supplies.supply", "pk": 1357, "fields": {"name": "Cuvete BFII", "general_supply": 1779, "category": null, "ref": null, "supplyLot": "", "count": 3, "countOnHold": null, "dateCreated": "2022-01-20", "expiredDate": "2025-01-20"}}, {"model": "supplies.supply", "pk": 1358, "fields": {"name": "Antistreptolysin O FS", "general_supply": 1715, "category": 6, "ref": null, "supplyLot": "60141373", "count": 3, "countOnHold": null, "dateCreated": "2021-12-01", "expiredDate": "2022-03-31"}}, {"model": "supplies.supply", "pk": 1359, "fields": {"name": "Thromborel S", "general_supply": 1664, "category": null, "ref": null, "supplyLot": "568070", "count": 2, "countOnHold": null, "dateCreated": "2022-02-17", "expiredDate": "2023-11-01"}}, {"model": "supplies.supply", "pk": 1360, "fields": {"name": "DIFF TIMEPAC", "general_supply": 1780, "category": 7, "ref": null, "supplyLot": "66729", "count": 2, "countOnHold": null, "dateCreated": "2022-02-17", "expiredDate": "2022-10-31"}}, {"model": "supplies.supply", "pk": 1361, "fields": {"name": "GIM", "general_supply": 1781, "category": 2, "ref": null, "supplyLot": "360", "count": 2, "countOnHold": null, "dateCreated": "2021-12-01", "expiredDate": "2021-12-31"}}, {"model": "supplies.supply", "pk": 1362, "fields": {"name": "Immunoglobulin M FS", "general_supply": 1683, "category": 6, "ref": null, "supplyLot": "60142625", "count": 2, "countOnHold": null, "dateCreated": "2021-12-01", "expiredDate": "2022-04-03"}}, {"model": "supplies.supply", "pk": 1363, "fields": {"name": "OV DIL", "general_supply": 1782, "category": 2, "ref": null, "supplyLot": "119", "count": 2, "countOnHold": null, "dateCreated": "2021-12-01", "expiredDate": "2023-08-31"}}, {"model": "supplies.supply", "pk": 1364, "fields": {"name": "PAA\nPAPP-A", "general_supply": 1783, "category": 2, "ref": null, "supplyLot": "523", "count": 1, "countOnHold": null, "dateCreated": "2022-01-20", "expiredDate": "2022-08-31"}}, {"model": "supplies.supply", "pk": 1365, "fields": {"name": "Alkaline phosphatase FS IFCC 37°C", "general_supply": 1784, "category": 6, "ref": null, "supplyLot": "60144283", "count": 7, "countOnHold": null, "dateCreated": "2021-12-01", "expiredDate": "2022-03-24"}}, {"model": "supplies.supply", "pk": 1366, "fields": {"name": "fPS", "general_supply": 1785, "category": 2, "ref": null, "supplyLot": "362", "count": 1, "countOnHold": null, "dateCreated": "2021-12-01", "expiredDate": "2021-12-31"}}, {"model": "supplies.supply", "pk": 1367, "fields": {"name": "Calprotectin", "general_supply": 1559, "category": 0, "ref": null, "supplyLot": "2019916", "count": 1, "countOnHold": null, "dateCreated": "2021-12-01", "expiredDate": "2022-04-28"}}, {"model": "supplies.supply", "pk": 1368, "fields": {"name": "CRP FS", "general_supply": 1622, "category": 6, "ref": null, "supplyLot": "60142409", "count": 3, "countOnHold": null, "dateCreated": "2021-12-01", "expiredDate": "2022-11-13"}}, {"model": "supplies.supply", "pk": 1369, "fields": {"name": "DCA Systems Microalbumin/Createnine", "general_supply": 1786, "category": 6, "ref": null, "supplyLot": "0438111", "count": 4, "countOnHold": null, "dateCreated": "2022-01-20", "expiredDate": "2023-11-30"}}, {"model": "supplies.supply", "pk": 1373, "fields": {"name": "Anti-Gladian IgG", "general_supply": 1707, "category": 0, "ref": null, "supplyLot": "2115915", "count": 1, "countOnHold": null, "dateCreated": "2022-02-17", "expiredDate": "2023-02-13"}}, {"model": "supplies.supply", "pk": 1374, "fields": {"name": "Magnesium XL FS", "general_supply": 1790, "category": 6, "ref": null, "supplyLot": "60143724", "count": 1, "countOnHold": null, "dateCreated": "2021-12-01", "expiredDate": "2022-11-20"}}, {"model": "supplies.supply", "pk": 1375, "fields": {"name": "TES", "general_supply": 1791, "category": 2, "ref": null, "supplyLot": "624", "count": 1, "countOnHold": null, "dateCreated": "2021-12-01", "expiredDate": "2021-09-30"}}, {"model": "supplies.supply", "pk": 1377, "fields": {"name": "CVG", "general_supply": 1696, "category": 2, "ref": null, "supplyLot": "360", "count": 1, "countOnHold": null, "dateCreated": "2021-12-01", "expiredDate": "2022-01-31"}}, {"model": "supplies.supply", "pk": 1378, "fields": {"name": "ABN2 Control", "general_supply": 1737, "category": 7, "ref": null, "supplyLot": "TP213075", "count": 2, "countOnHold": null, "dateCreated": "2021-12-01", "expiredDate": "2021-10-17"}}, {"model": "supplies.supply", "pk": 1379, "fields": {"name": "AMA-M2", "general_supply": 1762, "category": 0, "ref": null, "supplyLot": "2118766", "count": 1, "countOnHold": null, "dateCreated": "2022-02-17", "expiredDate": "2023-03-29"}}, {"model": "supplies.supply", "pk": 1381, "fields": {"name": "PT-Multi Calibrator", "general_supply": 1788, "category": null, "ref": null, "supplyLot": "00138", "count": 3, "countOnHold": null, "dateCreated": "2022-01-27", "expiredDate": "2023-10-07"}}, {"model": "supplies.supply", "pk": 1382, "fields": {"name": "GRH", "general_supply": 1792, "category": 2, "ref": null, "supplyLot": "217", "count": 1, "countOnHold": null, "dateCreated": "2021-12-01", "expiredDate": "2022-02-28"}}, {"model": "supplies.supply", "pk": 1384, "fields": {"name": "Alkaline phosphatase FS IFCC", "general_supply": 1794, "category": 6, "ref": null, "supplyLot": "60147646", "count": 1, "countOnHold": null, "dateCreated": "2021-12-22", "expiredDate": "2022-07-20"}}, {"model": "supplies.supply", "pk": 1387, "fields": {"name": "FER Control", "general_supply": 1796, "category": 2, "ref": null, "supplyLot": "0116", "count": 1, "countOnHold": null, "dateCreated": "2021-12-01", "expiredDate": "2022-02-28"}}, {"model": "supplies.supply", "pk": 1388, "fields": {"name": "ANA Detect", "general_supply": 1574, "category": 0, "ref": null, "supplyLot": "2110915", "count": 1, "countOnHold": null, "dateCreated": "2021-12-01", "expiredDate": "2022-10-12"}}, {"model": "supplies.supply", "pk": 1390, "fields": {"name": "Gamma-GT FS (Szasz mod./IFCC stand.)", "general_supply": 1798, "category": 6, "ref": null, "supplyLot": "60144131", "count": 1, "countOnHold": null, "dateCreated": "2021-12-01", "expiredDate": "2022-05-14"}}, {"model": "supplies.supply", "pk": 1391, "fields": {"name": "A1c_3 Calibrator", "general_supply": 1799, "category": 6, "ref": null, "supplyLot": "", "count": 1, "countOnHold": null, "dateCreated": "2021-12-01", "expiredDate": "2021-10-01"}}, {"model": "supplies.supply", "pk": 1393, "fields": {"name": "Control Plasma P", "general_supply": 1800, "category": null, "ref": null, "supplyLot": "556730", "count": 1, "countOnHold": null, "dateCreated": "2022-01-27", "expiredDate": "2023-07-11"}}, {"model": "supplies.supply", "pk": 1394, "fields": {"name": "Anti-EBV (VCA) IgG", "general_supply": 1801, "category": 0, "ref": null, "supplyLot": "2014582", "count": 1, "countOnHold": null, "dateCreated": "2021-12-01", "expiredDate": "2022-01-23"}}, {"model": "supplies.supply", "pk": 1395, "fields": {"name": "Lamp Coolant Additive", "general_supply": 1705, "category": 6, "ref": null, "supplyLot": "200513A", "count": 1, "countOnHold": null, "dateCreated": "2021-12-22", "expiredDate": "2021-11-30"}}, {"model": "supplies.supply", "pk": 1398, "fields": {"name": "ALAT(GPT)FS (IFCC mod.)", "general_supply": 1636, "category": 6, "ref": null, "supplyLot": "60145064", "count": 3, "countOnHold": null, "dateCreated": "2021-12-01", "expiredDate": "2022-06-04"}}, {"model": "supplies.supply", "pk": 1399, "fields": {"name": "FVB DIL", "general_supply": 1802, "category": 2, "ref": null, "supplyLot": "119", "count": 3, "countOnHold": null, "dateCreated": "2021-12-01", "expiredDate": "2022-05-31"}}, {"model": "supplies.supply", "pk": 1400, "fields": {"name": "ACT (ACTH) Control", "general_supply": 1803, "category": 2, "ref": null, "supplyLot": "0128", "count": 1, "countOnHold": null, "dateCreated": "2022-02-17", "expiredDate": "2022-10-31"}}, {"model": "supplies.supply", "pk": 1404, "fields": {"name": "ISE Serum Standard Set", "general_supply": 1572, "category": 6, "ref": null, "supplyLot": "HS119AA", "count": 1, "countOnHold": null, "dateCreated": "2022-01-20", "expiredDate": "2022-06-30"}}, {"model": "supplies.supply", "pk": 1405, "fields": {"name": "ASAT(GPT)FS (IFCC mod.)", "general_supply": 1570, "category": 6, "ref": null, "supplyLot": "60143590", "count": 4, "countOnHold": null, "dateCreated": "2021-12-01", "expiredDate": "2022-01-22"}}, {"model": "supplies.supply", "pk": 1412, "fields": {"name": "TEST SUPPLY DATA", "general_supply": 1806, "category": 0, "ref": "TEST REF", "supplyLot": "sup lot 123", "count": 119, "countOnHold": 0, "dateCreated": "2022-05-03", "expiredDate": "2022-12-12"}}, {"model": "supplies.supply", "pk": 1415, "fields": {"name": null, "general_supply": 1807, "category": 0, "ref": null, "supplyLot": "12", "count": 11, "countOnHold": 0, "dateCreated": "2022-05-03", "expiredDate": "2022-12-12"}}, {"model": "supplies.place", "pk": 0, "fields": {"name": "БСП", "city": "Киев", "address": null, "link": null}}, {"model": "supplies.place", "pk": 2, "fields": {"name": "Нефрология", "city": "Киев, Васильковская", "address": null, "link": null}}, {"model": "supplies.place", "pk": 3, "fields": {"name": "Импульс", "city": "Киев", "address": null, "link": null}}, {"model": "supplies.place", "pk": 4, "fields": {"name": "Иванковычи ", "city": "Иванковычи", "address": null, "link": null}}, {"model": "supplies.place", "pk": 5, "fields": {"name": "Амосова", "city": "Киев", "address": null, "link": null}}, {"model": "supplies.place", "pk": 6, "fields": {"name": "2 городская", "city": "Белая Церковь", "address": null, "link": null}}, {"model": "supplies.place", "pk": 7, "fields": {"name": "ВОКЛ", "city": "Луцк", "address": null, "link": null}}, {"model": "supplies.place", "pk": 8, "fields": {"name": "Детский центр", "city": "Львов", "address": null, "link": null}}, {"model": "supplies.place", "pk": 9, "fields": {"name": "КОКЛ №1", "city": "Киев", "address": null, "link": null}}, {"model": "supplies.place", "pk": 10, "fields": {"name": "№17", "city": "Киев", "address": null, "link": null}}, {"model": "supplies.place", "pk": 11, "fields": {"name": "Маневичи", "city": "Маневичи", "address": null, "link": null}}, {"model": "supplies.place", "pk": 12, "fields": {"name": "Медмистечко №6", "city": "Киев", "address": null, "link": null}}, {"model": "supplies.place", "pk": 13, "fields": {"name": "Медиком", "city": "Киев", "address": null, "link": null}}, {"model": "supplies.place", "pk": 14, "fields": {"name": "Нейрохірургія", "city": "Київ", "address": null, "link": null}}, {"model": "supplies.place", "pk": 15, "fields": {"name": "Областная", "city": "Киев", "address": null, "link": null}}, {"model": "supplies.place", "pk": 16, "fields": {"name": "САНТЕ", "city": "Киев", "address": null, "link": null}}, {"model": "supplies.place", "pk": 17, "fields": {"name": "САНТЕ", "city": "Черновцы", "address": null, "link": null}}, {"model": "supplies.place", "pk": 18, "fields": {"name": "Феофанія", "city": "Київ", "address": null, "link": null}}, {"model": "supplies.place", "pk": 19, "fields": {"name": "Нейрохірургія", "city": "Ужгород", "address": null, "link": null}}, {"model": "supplies.place", "pk": 20, "fields": {"name": "Test Name Place", "city": "Test name city", "address": "Kyiv, Hmelnutskogo street, 15", "link": "https://www.google.com"}}, {"model": "supplies.workers", "pk": 1, "fields": {"name": "Олексій Едуардович Доморацький", "telNumber": "099-173-60-65", "position": "зав анастезіолог", "for_place": 13}}, {"model": "supplies.workers", "pk": 2, "fields": {"name": "Олена Блятон", "telNumber": "063-558-90-60", "position": "зав.лаб.", "for_place": 16}}, {"model": "supplies.workers", "pk": 3, "fields": {"name": "Юля", "telNumber": "050-832-28-62", "position": "лаборант", "for_place": 14}}, {"model": "supplies.workers", "pk": 4, "fields": {"name": "Bart Hudson", "telNumber": "0260252525", "position": "nana", "for_place": 16}}, {"model": "supplies.workers", "pk": 5, "fields": {"name": "Лола Поллола", "telNumber": "067-569-69-69", "position": "завлаб", "for_place": 20}}, {"model": "supplies.workers", "pk": 6, "fields": {"name": "kuka", "telNumber": "067-969-69-69", "position": "ofd", "for_place": 20}}, {"model": "supplies.servicenote", "pk": 1, "fields": {"description": "Командировка 18-20.01 \r\nУстановка ЕРОС 38344 / T1H10HL500707", "dateCreated": "2022-01-19", "for_place": 19, "from_user": ["blezin"]}}, {"model": "supplies.servicenote", "pk": 2, "fields": {"description": "Установка ЕРОС", "dateCreated": "2022-01-19", "for_place": 4, "from_user": ["blezin"]}}, {"model": "supplies.servicenote", "pk": 3, "fields": {"description": "Повторное обучение персонала работе на Епок", "dateCreated": "2022-02-08", "for_place": 11, "from_user": ["blezin"]}}, {"model": "supplies.servicenote", "pk": 4, "fields": {"description": "Pentra XL80 \r\nЗаміна клапану #12", "dateCreated": "2022-02-05", "for_place": 16, "from_user": ["blezin"]}}, {"model": "supplies.servicenote", "pk": 5, "fields": {"description": "Запуск Advia, Immulite\r\n18-21.04", "dateCreated": "2022-04-21", "for_place": 16, "from_user": ["blezin"]}}, {"model": "supplies.servicenote", "pk": 6, "fields": {"description": "Замена: \r\n1. Смола;\r\n2. Лампа галогенная", "dateCreated": "2022-01-15", "for_place": 16, "from_user": ["blezin"]}}, {"model": "supplies.servicenote", "pk": 8, "fields": {"description": "Оновлений запис 12", "dateCreated": "2022-04-25", "for_place": 2, "from_user": ["blezin"]}}, {"model": "supplies.servicenote", "pk": 16, "fields": {"description": "Створено новий запис і потім редаговано\r\nКласно круто", "dateCreated": "2022-04-25", "for_place": 0, "from_user": ["blezin"]}}, {"model": "supplies.servicenote", "pk": 17, "fields": {"description": "yjffgfhfgh", "dateCreated": "2022-04-25", "for_place": 19, "from_user": ["blezin"]}}, {"model": "supplies.servicenote", "pk": 18, "fields": {"description": "sdfdfdv", "dateCreated": "2022-04-25", "for_place": 0, "from_user": ["blezin"]}}, {"model": "supplies.servicenote", "pk": 19, "fields": {"description": "12345", "dateCreated": "2022-04-25", "for_place": 0, "from_user": ["blezin"]}}, {"model": "supplies.servicenote", "pk": 20, "fields": {"description": "45651325", "dateCreated": "2022-04-25", "for_place": 0, "from_user": ["blezin"]}}, {"model": "admin_interface.theme", "pk": 1, "fields": {"name": "Django", "active": true, "title": "Django administration", "title_color": "#F5DD5D", "title_visible": true, "logo": "", "logo_color": "#FFFFFF", "logo_max_width": 400, "logo_max_height": 100, "logo_visible": true, "favicon": "", "env_name": "", "env_color": "#E74C3C", "env_visible_in_header": true, "env_visible_in_favicon": true, "language_chooser_active": true, "language_chooser_display": "code", "css_header_background_color": "#0C4B33", "css_header_text_color": "#44B78B", "css_header_link_color": "#FFFFFF", "css_header_link_hover_color": "#C9F0DD", "css_module_background_color": "#44B78B", "css_module_background_selected_color": "#FFFFCC", "css_module_text_color": "#FFFFFF", "css_module_link_color": "#FFFFFF", "css_module_link_selected_color": "#FFFFFF", "css_module_link_hover_color": "#C9F0DD", "css_module_rounded_corners": true, "css_generic_link_color": "#0C3C26", "css_generic_link_hover_color": "#156641", "css_save_button_background_color": "#0C4B33", "css_save_button_background_hover_color": "#0C3C26", "css_save_button_text_color": "#FFFFFF", "css_delete_button_background_color": "#BA2121", "css_delete_button_background_hover_color": "#A41515", "css_delete_button_text_color": "#FFFFFF", "related_modal_active": true, "related_modal_background_color": "#000000", "related_modal_background_opacity": "0.3", "related_modal_rounded_corners": true, "related_modal_close_button_visible": true, "list_filter_dropdown": true, "list_filter_sticky": true, "foldable_apps": true, "recent_actions_visible": true, "form_submit_sticky": false, "form_pagination_sticky": false}}]